university,method,pages_found,run_at,note
Seoul National University,crawl,9,2026-09-24,
Sungkyunkwan University,crawl,1,2026-09-24,
Hanyang University,crawl,6,2026-09-24,
Kyung Hee University,crawl,17,2026-09-24,
Ewha Womans University,crawl,1,2026-09-24,
Chung-Ang University,crawl,9,2026-09-24,
The Catholic University of Korea,crawl,2,2026-09-24,
University of Ulsan,crawl,1,2026-09-24,
Konkuk University,crawl,8,2026-09-24,
Dongguk University,crawl,4,2026-09-24,
Kookmin University,crawl,5,2026-09-24,
Dongduk Women's University,crawl,1,2026-09-25,
Sahmyook University,crawl,1,2026-09-25,
CHA University,crawl,40,2026-09-25,
Eulji University,crawl,33,2026-09-25,
Dankook University,crawl,3,2026-09-25,
Seoul National University of Science and Technology,crawl,8,2026-09-25,
Kyungpook National University,crawl,3,2026-09-25,
Sunchon National University,crawl,1,2026-09-26,100 pages fetched; 5 faculty-like pages checked
Mokpo National University,crawl,2,2026-09-26,100 pages fetched; 2 faculty-like pages checked
Jeonbuk National University,crawl,4,2026-09-26,100 pages fetched; 12 faculty-like pages checked
Chungbuk National University,crawl,2,2026-09-26,100 pages fetched; 18 faculty-like pages checked; errors: HTTPError x5
POSTECH,crawl,0,2026-09-26,100 pages fetched; 13 faculty-like pages checked
KAIST,crawl,3,2026-09-26,100 pages fetched; 34 faculty-like pages checked; errors: ConnectTimeout x1
UNIST,crawl,2,2026-09-26,100 pages fetched; 16 faculty-like pages checked
GIST,crawl,0,2026-09-26,0 pages fetched; 0 faculty-like pages checked; 2 blocked by robots.txt
DGIST,crawl,0,2026-09-26,0 pages fetched; 0 faculty-like pages checked; errors: HTTPError x1
Yonsei University,crawl,1,2026-09-26,100 pages fetched; 1 faculty-like pages checked
Korea University,crawl,2,2026-09-26,100 pages fetched; 12 faculty-like pages checked
Sogang University,crawl,1,2026-09-26,"100 pages fetched; 8 faculty-like pages checked; errors: ConnectTimeout x1, HTTPError x1"
University of Seoul,crawl,1,2026-09-26,40 pages fetched; 1 faculty-like pages checked
Soonchunhyang University,crawl,3,2026-09-26,100 pages fetched; 8 faculty-like pages checked; 6 blocked by robots.txt
Inje University,crawl,5,2026-09-26,"100 pages fetched; 10 faculty-like pages checked; errors: HTTPError x2, ConnectTimeout x1"
Keimyung University,crawl,10,2026-09-26,100 pages fetched; 13 faculty-like pages checked
Yeungnam University,crawl,1,2026-09-26,"100 pages fetched; 6 faculty-like pages checked; 1 blocked by robots.txt; errors: ConnectTimeout x38, HTTPError x1, ConnectionError x1"
Chonnam National University,crawl,3,2026-09-26,100 pages fetched; 10 faculty-like pages checked; 2 blocked by robots.txt
Korea Institute of Science and Technology,crawl,0,2026-09-27,100 pages fetched; 1 faculty-like pages checked
Korea Research Institute of Bioscience and Biotechnology,crawl,0,2026-09-27,100 pages fetched; 29 faculty-like pages checked; 4 blocked by robots.txt; errors: HTTPError x4
Korea Research Institute of Chemical Technology,crawl,0,2026-09-27,0 pages fetched; 0 faculty-like pages checked; 1 blocked by robots.txt
Institute for Basic Science,crawl,0,2026-09-27,100 pages fetched; 12 faculty-like pages checked; errors: HTTPError x10
Korea Brain Research Institute,crawl,0,2026-09-27,0 pages fetched; 0 faculty-like pages checked; 2 blocked by robots.txt
Korea Institute of Oriental Medicine,crawl,0,2026-09-27,26 pages fetched; 0 faculty-like pages checked
Korea Institute of Toxicology,crawl,0,2026-09-27,0 pages fetched; 0 faculty-like pages checked; 1 blocked by robots.txt
Korea Basic Science Institute,crawl,0,2026-09-27,1 pages fetched; 0 faculty-like pages checked
Korea Food Research Institute,crawl,0,2026-09-27,42 pages fetched; 2 faculty-like pages checked; errors: ConnectTimeout x21
National Cancer Center,crawl,1,2026-09-27,45 pages fetched; 2 faculty-like pages checked; 2 blocked by robots.txt; errors: ConnectTimeout x22
Korea National Institute of Health,crawl,0,2026-09-27,100 pages fetched; 47 faculty-like pages checked; errors: HTTPError x2
Institut Pasteur Korea,crawl,0,2026-09-27,7 pages fetched; 0 faculty-like pages checked
Korea Institute of Radiological and Medical Sciences,crawl,0,2026-09-27,66 pages fetched; 0 faculty-like pages checked
Korea Research Institute of Standards and Science,crawl,0,2026-09-27,30 pages fetched; 3 faculty-like pages checked; errors: ConnectTimeout x15
Kongju National University,crawl,0,2026-09-27,0 pages fetched; 0 faculty-like pages checked; errors: SSLError x1
Ajou University,crawl,0,2026-09-28,100 pages fetched; 8 faculty-like pages checked; errors: ConnectTimeout x51
Inha University,crawl,0,2026-09-28,100 pages fetched; 0 faculty-like pages checked; 1 blocked by robots.txt
Sejong University,crawl,0,2026-09-28,100 pages fetched; 0 faculty-like pages checked; errors: SSLError x9
Incheon National University,crawl,0,2026-09-28,100 pages fetched; 0 faculty-like pages checked; 1 blocked by robots.txt; errors: ConnectTimeout x56
Sookmyung Women's University,crawl,0,2026-09-28,100 pages fetched; 36 faculty-like pages checked; errors: HTTPError x1
Duksung Women's University,crawl,0,2026-09-28,"100 pages fetched; 2 faculty-like pages checked; 100 blocked by robots.txt; errors: HTTPError x1, ConnectTimeout x1"
Gachon University,crawl,0,2026-09-28,1 pages fetched; 0 faculty-like pages checked; errors: SSLError x1
Hallym University,crawl,0,2026-09-28,3 pages fetched; 0 faculty-like pages checked
Catholic Kwandong University,crawl,0,2026-09-28,2 pages fetched; 0 faculty-like pages checked
Pusan National University,crawl,0,2026-09-28,8 pages fetched; 0 faculty-like pages checked
Kosin University,crawl,0,2026-09-28,0 pages fetched; 0 faculty-like pages checked; 2 blocked by robots.txt
Kyungsung University,crawl,1,2026-09-28,"100 pages fetched; 2 faculty-like pages checked; errors: HTTPError x54, ConnectionError x2"
Daegu Catholic University,crawl,0,2026-09-28,100 pages fetched; 18 faculty-like pages checked; errors: ConnectTimeout x1
Chosun University,crawl,0,2026-09-28,100 pages fetched; 0 faculty-like pages checked; 8 blocked by robots.txt; errors: ConnectTimeout x1
Wonkwang University,crawl,0,2026-09-28,100 pages fetched; 6 faculty-like pages checked; 4 blocked by robots.txt
Woosuk University,crawl,0,2026-09-28,"33 pages fetched; 1 faculty-like pages checked; 2 blocked by robots.txt; errors: SSLError x5, HTTPError x1"
Chungnam National University,crawl,0,2026-09-28,0 pages fetched; 0 faculty-like pages checked; 2 blocked by robots.txt
Gyeongsang National University,crawl,0,2026-09-28,5 pages fetched; 0 faculty-like pages checked
Kangwon National University,crawl,1,2026-09-28,"100 pages fetched; 26 faculty-like pages checked; 1 blocked by robots.txt; errors: ConnectTimeout x6, ReadTimeout x2, ConnectionError x1"
Jeju National University,crawl,0,2026-09-28,0 pages fetched; 0 faculty-like pages checked; 3 blocked by robots.txt
