university,institution_ids,institution_names,authors_seen,added,run_at,note
Korea Institute of Science and Technology,I58716616,Korea Institute of Science and Technology,400,39,2026-10-03,
Korea Research Institute of Bioscience and Biotechnology,I73616290,Korea Research Institute of Bioscience and Biotechnology,400,60,2026-10-03,
Korea Research Institute of Chemical Technology,I4210151417,Korea Research Institute of Chemical Technology,400,39,2026-10-03,
Institute for Basic Science,I4210104335,Institute for Basic Science,400,42,2026-10-03,
Korea Brain Research Institute,I4210155455,Korea Brain Research Institute,100,29,2026-10-03,
Korea Institute of Oriental Medicine,I4210087584,Korea Institute of Oriental Medicine,240,60,2026-10-03,
Korea Institute of Toxicology,I4210100168,Korea Institute of Toxicology,143,29,2026-10-03,
Korea Basic Science Institute,I4210139925,Korea Basic Science Institute,292,45,2026-10-03,
Korea Food Research Institute,I4210114577,Korea Food Research Institute,223,60,2026-10-03,
National Cancer Center,I4210120052|I4405261544,National Cancer Center; National Cancer Center Hospital,400,60,2026-10-03,
Korea National Institute of Health,I4210097010,Korea National Institute of Health,131,47,2026-10-03,
Institut Pasteur Korea,I136761661,Institut Pasteur Korea,33,11,2026-10-03,
Korea Institute of Radiological and Medical Sciences,I4210088603,Korea Institute of Radiological and Medical Sciences,181,29,2026-10-04,
Korea Research Institute of Standards and Science,I2799611809,Korea Research Institute of Standards and Science,334,17,2026-10-04,
Samsung Biologics,,,0,0,2026-10-04,no OpenAlex institution
Celltrion,I4210158021,Celltrion (South Korea),71,16,2026-10-04,
Hanmi Pharmaceutical,I4210100154,Hanmi Pharmaceutical (South Korea),91,20,2026-10-04,
Yuhan,I129695118|I4210091586,Yuhan University; Yuhan (South Korea),34,3,2026-10-04,
GC Biopharma,,,0,0,2026-10-04,no OpenAlex institution
Chong Kun Dang,,,0,0,2026-10-04,no OpenAlex institution
Daewoong Pharmaceutical,I47141704,Daewoong Pharmaceutical (South Korea),41,6,2026-10-04,
SK bioscience,,,0,0,2026-10-04,no OpenAlex institution
Alteogen,I4210124782,Alteogen (South Korea),5,1,2026-10-04,
ABL Bio,I4210105578,ABL Bio (South Korea),31,5,2026-10-04,
Macrogen,I4210129256,Macrogen (South Korea),21,4,2026-10-04,
Seegene,,,0,0,2026-10-04,no OpenAlex institution
CJ CheilJedang,I100417612,CJ CheilJedang (South Korea),81,8,2026-10-04,
LG Chem,I4387154587,LG Chem (South Korea),119,1,2026-10-04,
Boryung,,,0,0,2026-10-04,no OpenAlex institution
JW Pharmaceutical,I4210133299,JW Pharmaceutical (South Korea),4,0,2026-10-04,
Ildong Pharmaceutical,,,0,0,2026-10-04,no OpenAlex institution
Hanall Biopharma,I4210086078,Hanall Biopharma (South Korea),5,0,2026-10-04,
Genexine,I4210149845,Genexine (South Korea),6,1,2026-10-05,
Dong-A ST,I4210095185,Dong-A ST (South Korea),19,0,2026-10-05,
Inha University,I191879574|I4210153373,Inha University; Inha University Hospital,400,60,2026-10-05,
Sejong University,I28777354,Sejong University,400,35,2026-10-05,
Incheon National University,I146429904,Incheon National University,400,48,2026-10-05,
Sookmyung Women's University,I31766871,Sookmyung Women's University,253,41,2026-10-05,
Duksung Women's University,I65832422,Duksung Women's University,68,9,2026-10-05,
Gachon University,I12832649|I4405259397,Gachon University; Gachon University Medical Center,400,60,2026-10-05,
Hallym University,I146824383|I4210167048,Hallym University; Hallym University Medical Center,400,60,2026-10-05,
Catholic Kwandong University,I89079967,Catholic Kwandong University,137,40,2026-10-05,
Pusan National University,I4921948|I4210115854,Pusan National University; Pusan National University Hospital,400,60,2026-10-05,
Kosin University,I90735388,Kosin University,180,51,2026-10-05,
Daegu Catholic University,I39705031|I4210091133,Daegu Catholic University; Daegu Catholic University Medical Center,318,60,2026-10-05,
Chosun University,I152238500|I4210101795,Chosun University; Chosun University Hospital,400,60,2026-10-05,
Wonkwang University,I77079311|I4210102268,Wonkwang University; Wonkwang University Hospital,400,60,2026-10-05,
Woosuk University,I7446070,Woosuk University,91,18,2026-10-05,
Gyeongsang National University,I189442560|I4210091148,Gyeongsang National University; Gyeongsang National University Hospital,400,60,2026-10-05,
Jeju National University,I83202590|I4210165782,Jeju National University; Jeju National University Hospital,400,60,2026-10-05,
POSTECH,I123900574,Pohang University of Science and Technology,400,35,2026-10-05,
GIST,I39534123,Gwangju Institute of Science and Technology,400,52,2026-10-05,
