professor_id,lab_url,alumni_urls,status,alumni_found,checked_at,parser
P0001,https://bmie.snu.ac.kr/lab-members/,https://bmie.snu.ac.kr/lab-members/,alumni,39,2026-10-08,2
P0002,https://seolab.snu.ac.kr/contact,https://seolab.snu.ac.kr/people,alumni,5,2026-10-08,2
P0003,https://cgt.snu.ac.kr/home,https://cgt.snu.ac.kr/members,alumni,3,2026-10-08,2
P0004,http://bmpl.postech.ac.kr/,,lab_site,0,2026-10-08,2
P0005,https://cite.kookmin.ac.kr/cite/index.do,,lab_site,0,2026-10-08,2
P0006,,,no_lab_site,0,2026-10-08,2
P0007,https://cbe.snu.ac.kr/cbe/pgm/professorMng/list.do?menuNo=300015&profCate=66,,lab_site,0,2026-10-08,2
P0008,,,no_lab_site,0,2026-10-08,2
P0009,,,no_lab_site,0,2026-10-08,2
P0010,,,no_lab_site,0,2026-10-08,2
P0011,,,no_lab_site,0,2026-10-08,2
P0012,,,no_lab_site,0,2026-10-08,2
P0013,http://sites.google.com/view/immunoinformatics-lab,http://sites.google.com/view/immunoinformatics-lab/members,alumni,8,2026-10-08,2
P0014,https://www.cnuhh.com/sub.cs?m=311,,lab_site,0,2026-10-08,2
P0015,https://www.sjanglab.org/team,,lab_site,0,2026-10-08,2
P0016,https://vaxcell-bio.com/en/member.php,,lab_site,0,2026-10-08,2
P0018,https://sites.google.com/view/cyp-lab/home,,lab_site,0,2026-10-08,2
P0019,https://cnudh.co.kr/cnuhh/medical/info/dept.cs?act=view&deptCd=IMH&doctCd=HD00060&mode=doctor,,lab_site,0,2026-10-08,2
P0020,https://cnudh.co.kr/cnuhh/medical/info/dept.cs?act=view&deptCd=IMH&doctCd=HD00056&mode=doctor,,lab_site,0,2026-10-08,2
P0021,https://www.kist.re.kr/ko/news/latest-research-results.do?mode=view&articleNo=18128,,lab_site,0,2026-10-08,2
P0022,https://nanotrio.postech.ac.kr/,https://nanotrio.postech.ac.kr/nanotrio/mem/alumni.do,alumni,47,2026-10-08,2
P0023,,,no_lab_site,0,2026-10-08,2
P0024,https://www.samsunghospital.com/m/smc/reservation/common/doctorProfile.do?DR_NO=1037,,lab_site,0,2026-10-08,2
P0025,,,no_lab_site,0,2026-10-08,2
P0026,https://biotech.skku.edu/,,lab_site,0,2026-10-08,2
P0027,https://www.schmc.ac.kr/gumi/,,lab_site,0,2026-10-08,2
P0028,https://biomedical.skku.edu/eng/html/research/laboratory.asp,https://biomedical.skku.edu/eng/html/people/alumni.asp,alumni,7,2026-10-08,2
P0029,https://medcorelab.snu.ac.kr/,,lab_site,0,2026-10-08,2
P0030,https://gld.yonsei.ac.kr/faculty/depMember.do?campus=sinchonMed&mode=view&userId=k1r1xJhzILZ0m5SlVeczRQ%3D%3D,,lab_site,0,2026-10-08,2
P0031,https://orcid.org/0000-0002-5544-9951,,lab_site,0,2026-10-08,2
P0032,https://snupharm.snu.ac.kr/snu__professor/%ea%b0%95%ec%9c%a4%ed%91%9c/,https://snupharm.snu.ac.kr/%ed%95%99%ec%9c%84%eb%b3%84-%ec%a7%84%eb%a1%9c/,shared_page,2,2026-10-08,2
P0033,http://koo.snu.ac.kr/home,http://koo.snu.ac.kr/구성원,alumni,22,2026-10-08,2
P0034,https://snupharm.snu.ac.kr/snu__professor/%ea%b6%8c%ec%84%b1%ec%9b%90/,https://snupharm.snu.ac.kr/%ed%95%99%ec%9c%84%eb%b3%84-%ec%a7%84%eb%a1%9c/,shared_page,2,2026-10-08,2
P0035,https://yklab.snu.ac.kr/home,https://yklab.snu.ac.kr/people/former-members,shared_page,6,2026-10-08,2
P0036,https://snupharm.snu.ac.kr/snu__professor/%eb%85%b8%eb%af%bc%ec%88%98/,https://snupharm.snu.ac.kr/%ed%95%99%ec%9c%84%eb%b3%84-%ec%a7%84%eb%a1%9c/,shared_page,2,2026-10-08,2
P0038,http://hgpk.cafe24.com/wp,,lab_site,0,2026-10-08,2
P0040,https://molpathlab.snu.ac.kr/,https://molpathlab.snu.ac.kr/%ea%b5%ac%ec%84%b1%ec%9b%90-2-2-2/;https://molpathlab.snu.ac.kr/alumni/,alumni,25,2026-10-08,2
P0041,http://npcl.snu.ac.kr/,,lab_site,0,2026-10-08,2
P0042,http://pharmacognosy.snu.ac.kr,,lab_site,0,2026-10-08,2
P0043,,,no_lab_site,0,2026-10-08,2
P0044,http://yeojoonyoon.com/,,lab_site,0,2026-10-08,2
P0045,http://molee.snu.ac.kr,,lab_site,0,2026-10-08,2
P0047,https://shleelab.wixsite.com/shleelab/lab-members,,lab_site,0,2026-10-08,2
P0048,https://tcd.snu.ac.kr,,lab_site,0,2026-10-08,2
P0049,https://sites.google.com/view/leelabsnu/home,,lab_site,0,2026-10-08,2
P0050,https://bedds.snu.ac.kr/index.html,https://bedds.snu.ac.kr/alumni.html,alumni,17,2026-10-08,2
P0052,https://bama.snu.ac.kr/,https://bama.snu.ac.kr/members/alumni/,alumni,37,2026-10-08,2
P0053,https://sites.google.com/view/janglab/home,,lab_site,0,2026-10-08,2
P0054,http://idetoxlab.snu.ac.kr/home,,lab_site,0,2026-10-08,2
P0055,http://ywchin.snu.ac.kr,,lab_site,0,2026-10-08,2
P0056,https://chahj72.wixsite.com/snucsl/professor,,lab_site,0,2026-10-08,2
P0057,http://biomed.snu.ac.kr/research-faculty/faculty?mode=view&profidx=2&sc=y,,lab_site,0,2026-10-08,2
P0058,https://obinkwonlab.wixsite.com/website,,lab_site,0,2026-10-08,2
P0060,http://biomed.snu.ac.kr/research-faculty/faculty?mode=view&profidx=5&sc=y,,lab_site,0,2026-10-08,2
P0062,http://biomed.snu.ac.kr/research-faculty/faculty?mode=view&profidx=16&sc=y,,lab_site,0,2026-10-08,2
P0063,https://www.bnilab.com/,,lab_site,0,2026-10-08,2
P0064,http://biomed.snu.ac.kr/research-faculty/faculty?mode=view&profidx=67&sc=y,,lab_site,0,2026-10-08,2
P0065,https://www.banglab.org,https://www.banglab.org/team-3,alumni,3,2026-10-08,2
P0066,https://sites.google.com/view/baelab/,https://sites.google.com/view/baelab/members,alumni,3,2026-10-08,2
P0067,http://biomed.snu.ac.kr/research-faculty/faculty?mode=view&profidx=20&sc=y,,lab_site,0,2026-10-08,2
P0068,http://biomed.snu.ac.kr/research-faculty/faculty?mode=view&profidx=72&sc=y,,lab_site,0,2026-10-08,2
P0069,https://seonglab.snu.ac.kr/,,lab_site,0,2026-10-08,2
P0071,https://www.yeomlab.com/,https://www.yeomlab.com/people,alumni,4,2026-10-08,2
P0074,http://biomed.snu.ac.kr/research-faculty/faculty?mode=view&profidx=74&sc=y,,lab_site,0,2026-10-08,2
P0075,http://biomed.snu.ac.kr/research-faculty/faculty?mode=view&profidx=31&sc=y,,lab_site,0,2026-10-08,2
P0076,https://nfi0829snu.wixsite.com/nfisnu,https://nfi0829snu.wixsite.com/nfisnu/blank-4,alumni,1,2026-10-08,2
P0077,http://jeonslab.snu.ac.kr/,,lab_site,0,2026-10-08,2
P0078,http://www.junglab.snu.ac.kr/,https://www.junglab.snu.ac.kr/members,alumni,6,2026-10-08,2
P0079,http://biomed.snu.ac.kr/research-faculty/faculty?mode=view&profidx=57&sc=y,,lab_site,0,2026-10-08,2
P0080,http://biomed.snu.ac.kr/research-faculty/faculty?mode=view&profidx=39&sc=y,,lab_site,0,2026-10-08,2
P0081,https://csybio3.wixsite.com/lpmo,,lab_site,0,2026-10-08,2
P0083,http://biomed.snu.ac.kr/research-faculty/faculty?mode=view&profidx=48&sc=y,,lab_site,0,2026-10-08,2
P0084,https://apel.snu.ac.kr,https://apel.snu.ac.kr/members/alumni,alumni,19,2026-10-08,2
P0085,https://medi.snu.ac.kr/,,lab_site,0,2026-10-08,2
P0086,https://pharmacy.yonsei.ac.kr/faculty/name_search.do?mode=view&userId=CIRBxYRDNb6XXx0UjbtEXQ%3D%3D&sosokcd=,,lab_site,0,2026-10-08,2
P0087,https://pharmacy.yonsei.ac.kr/faculty/name_search.do?mode=view&userId=ia1pfqrwAzBJ698okXpK9A%3D%3D&sosokcd=,,lab_site,0,2026-10-08,2
P0088,http://chembio.yonsei.ac.kr,http://chembio.yonsei.ac.kr/members/former-members,alumni,68,2026-10-08,2
P0090,https://pharmacy.yonsei.ac.kr/faculty/name_search.do?mode=view&userId=jpa%2BPlmkTGOoE1UXkSB7yw%3D%3D&sosokcd=,,lab_site,0,2026-10-08,2
P0091,https://pharmacy.yonsei.ac.kr/faculty/name_search.do?mode=view&userId=u%2FhT7uY1ax7E%2B0XwLNN%2FNw%3D%3D&sosokcd=1015058,,lab_site,0,2026-10-08,2
P0092,https://pharmacy.yonsei.ac.kr/faculty/name_search.do?mode=view&userId=xPrzDytGtxcl%2B7o15wyf4Q%3D%3D&sosokcd=,,lab_site,0,2026-10-08,2
P0093,https://sites.google.com/yonsei.ac.kr/yoonslab,,lab_site,0,2026-10-08,2
P0095,https://clarity.yonsei.ac.kr/,https://clarity.yonsei.ac.kr/people/alumni,alumni,42,2026-10-08,2
P0096,https://pharmacy.yonsei.ac.kr/faculty/name_search.do?mode=view&userId=dXv8FP61UI9MKwczX%2FLYNQ%3D%3D&sosokcd=1015058,,lab_site,0,2026-10-08,2
P0097,https://sites.google.com/yonsei.ac.kr/shbio-laboratory/home,,lab_site,0,2026-10-08,2
P0098,https://pharmacy.yonsei.ac.kr/faculty/name_search.do?mode=view&userId=gq%2FL4c4KdYkPhh77oMSQmA%3D%3D&sosokcd=,,lab_site,0,2026-10-08,2
P0099,https://sites.google.com/view/yonsei-pharm-healtheconomics/,,lab_site,0,2026-10-08,2
P0100,,,no_lab_site,0,2026-10-08,2
P0102,https://sites.google.com/view/soohwanlab,,lab_site,0,2026-10-08,2
P0103,,,no_lab_site,0,2026-10-08,2
P0104,https://sites.google.com/view/soohwanlab,,lab_site,0,2026-10-08,2
P0105,https://sites.google.com/view/soohwanlab,,lab_site,0,2026-10-08,2
P0107,https://sites.google.com/view/soohwanlab/home,,lab_site,0,2026-10-08,2
P0108,https://www.hanjunkim.co.kr/,,lab_site,0,2026-10-08,2
P0109,https://sites.google.com/view/envitox-ku/main,https://sites.google.com/view/envitox-ku/member/alumni,alumni,3,2026-10-08,2
P0110,http://biomed.snu.ac.kr/research-faculty/faculty?mode=view&profidx=53&sc=y,,lab_site,0,2026-10-08,2
P0111,https://klab.snu.ac.kr/lab-photos/,https://klab.snu.ac.kr/members/,alumni,7,2026-10-08,2
P0112,https://nmec.snu.ac.kr/%ec%9d%b8%ec%82%ac%eb%a7%90-4/,,lab_site,0,2026-10-08,2
P0113,http://drl.snu.ac.kr,http://drl.snu.ac.kr/people,alumni,9,2026-10-08,2
P0114,,,no_lab_site,0,2026-10-08,2
P0115,,,no_lab_site,0,2026-10-08,2
P0116,https://ux.snu.ac.kr/blog/2025/04/02/hw.html,https://ux.snu.ac.kr/people.html,alumni,55,2026-10-08,2
P0119,https://sites.google.com/view/jhwanhyun/bio,,lab_site,0,2026-10-08,2
P0120,https://www.aasle.org/,,lab_site,0,2026-10-08,2
P0121,https://ericslyman.com/vlslice/,,lab_site,0,2026-10-08,2
P0122,https://cls.snu.ac.kr/snu__professor/%ed%95%9c%ea%b2%bd%ea%b5%ac_%ec%a0%84%ec%9e%84_%ec%a0%84%ec%a7%81/,,lab_site,0,2026-10-08,2
P0123,https://cls.snu.ac.kr/snu__professor/%ea%b9%80%ec%84%b1%ec%9d%bc_%ea%b2%b8%eb%ac%b4_%ec%a0%84%ec%a7%81/,,lab_site,0,2026-10-08,2
P0124,,,no_lab_site,0,2026-10-08,2
P0126,https://cls.snu.ac.kr/snu__professor/%ec%9d%b4%ec%83%81%ed%98%81_%ea%b2%b8%eb%ac%b4_%ec%a0%84%ec%a7%81/,,lab_site,0,2026-10-08,2
P0127,http://cals.snu.ac.kr/about/organization/search/faculty?page=1&mode=view&profidx=3,,lab_site,0,2026-10-08,2
P0128,http://cals.snu.ac.kr/about/organization/search/faculty?page=1&mode=view&profidx=4,,lab_site,0,2026-10-08,2
P0129,http://rwrse.snu.ac.kr/,,lab_site,0,2026-10-08,2
P0130,https://ge.snu.ac.kr,,lab_site,0,2026-10-08,2
P0131,http://kanglab.weebly.com,http://kanglab.weebly.com/people.html,alumni,13,2026-10-08,2
P0132,https://sites.google.com/view/neurogenetics-skku/home,https://sites.google.com/view/neurogenetics-skku/people/alumni,alumni,11,2026-10-08,2
P0133,https://sites.google.com/view/haeun-skku/,https://sites.google.com/view/haeun-skku/members,alumni,5,2026-10-08,2
P0134,http://bio.skku.edu/,,lab_site,0,2026-10-08,2
P0135,http://bio.skku.edu/,,lab_site,0,2026-10-08,2
P0136,https://sites.google.com/view/evomics/research,https://sites.google.com/view/evomics/people,alumni,1,2026-10-08,2
P0137,http://bio.skku.edu/,,lab_site,0,2026-10-08,2
P0138,https://sites.google.com/view/metabolab-skku/home,,lab_site,0,2026-10-08,2
P0139,http://bio.skku.edu/,,lab_site,0,2026-10-08,2
P0140,http://bio.skku.edu/,,lab_site,0,2026-10-08,2
P0141,http://nam.hanyang.ac.kr/,,lab_site,0,2026-10-08,2
P0142,http://onbae.hanyang.ac.kr/,http://onbae.hanyang.ac.kr/front/laboratory/Alumni,alumni,16,2026-10-08,2
P0143,https://molneurobiol.hanyang.ac.kr/,,lab_site,0,2026-10-08,2
P0144,https://mjgeum.github.io/mjlab-hyu.github.io/index.html,,lab_site,0,2026-10-08,2
P0145,http://pmm.hanyang.ac.kr/,http://pmm.hanyang.ac.kr/front/laboratory/Alumni,alumni,12,2026-10-08,2
P0146,http://clinpharmacol.hanyang.ac.kr/,,lab_site,0,2026-10-08,2
P0147,http://pharmacognosy.hanyang.ac.kr/,http://pharmacognosy.hanyang.ac.kr/front/laboratory/alumni,alumni,4,2026-10-08,2
P0148,http://hyim.hanyang.ac.kr/,http://hyim.hanyang.ac.kr/front/laboratory/people,alumni,18,2026-10-08,2
P0149,http://physicalpharmacy.hanyang.ac.kr/,,lab_site,0,2026-10-08,2
P0151,https://medix.hanyang.ac.kr/-02-3-9-faculty#none,https://medix.hanyang.ac.kr/-05-3,shared_page,2,2026-10-08,2
P0152,https://medix.hanyang.ac.kr/-02-3-9-faculty#none,https://medix.hanyang.ac.kr/-05-3,shared_page,2,2026-10-08,2
P0153,https://medix.hanyang.ac.kr/-02-3-9-faculty#none,https://medix.hanyang.ac.kr/-05-3,shared_page,2,2026-10-08,2
P0154,https://medix.hanyang.ac.kr/-02-3-9-faculty#none,https://medix.hanyang.ac.kr/-05-3,shared_page,2,2026-10-08,2
P0155,https://medix.hanyang.ac.kr/-02-2-4-faculty#none,https://medix.hanyang.ac.kr/-05-3,shared_page,2,2026-10-08,2
P0156,https://medix.hanyang.ac.kr/-02-2-12-faculty#none,https://medix.hanyang.ac.kr/-05-3,shared_page,2,2026-10-08,2
P0157,https://medix.hanyang.ac.kr/-02-2-12-faculty#none,https://medix.hanyang.ac.kr/-05-3,shared_page,2,2026-10-08,2
P0158,https://medix.hanyang.ac.kr/-02-2-12-faculty#none,https://medix.hanyang.ac.kr/-05-3,shared_page,2,2026-10-08,2
P0159,https://kimlab.khu.ac.kr/,https://kimlab.khu.ac.kr/members/,shared_page,6,2026-10-08,2
P0160,https://kimlab.khu.ac.kr/,https://kimlab.khu.ac.kr/members/,shared_page,6,2026-10-08,2
P0161,https://kimlab.khu.ac.kr/,https://kimlab.khu.ac.kr/members/,shared_page,6,2026-10-08,2
P0162,https://kimlab.khu.ac.kr/members/,https://kimlab.khu.ac.kr/members/,shared_page,6,2026-10-08,2
P0163,http://www.sysbioinfo.com/group-photos,http://www.sysbioinfo.com/people,alumni,1,2026-10-08,2
P0164,https://hanlab.squarespace.com/our-roots,https://hanlab.squarespace.com/people,alumni,5,2026-10-08,2
P0165,https://kimlab.khu.ac.kr/,https://kimlab.khu.ac.kr/members/,shared_page,6,2026-10-08,2
P0166,https://sls.khu.ac.kr/sls_kor/user/professor/list.do?menuNo=20200032,,lab_site,0,2026-10-08,2
P0168,http://gsm.khu.ac.kr/src/RD2012.php,,lab_site,0,2026-10-08,2
P0169,http://gsm.khu.ac.kr/src/RD2012.php,,lab_site,0,2026-10-08,2
P0170,http://gsm.khu.ac.kr/src/RD2012.php,,lab_site,0,2026-10-08,2
P0171,http://gsm.khu.ac.kr/src/RD2012.php,,lab_site,0,2026-10-08,2
P0173,https://khu.elsevierpure.com/en/persons/tae-hoo-yi,,lab_site,0,2026-10-08,2
P0174,https://khu.elsevierpure.com/en/persons/tong-ho-kang,,lab_site,0,2026-10-08,2
P0175,https://khu.elsevierpure.com/en/persons/ung-jin-kim,,lab_site,0,2026-10-08,2
P0176,https://khu.elsevierpure.com/en/persons/jae-heung-ko/fingerprints/,,lab_site,0,2026-10-08,2
P0177,https://khu.elsevierpure.com/en/persons/yeon-ju-kim,,lab_site,0,2026-10-08,2
P0178,https://khu.elsevierpure.com/en/persons/hyocheol-bae ,,lab_site,0,2026-10-08,2
P0179,https://khu.elsevierpure.com/en/persons/young-joon-park,,lab_site,0,2026-10-08,2
P0180,https://khu.elsevierpure.com/en/persons/seok-hyun-eom,,lab_site,0,2026-10-08,2
P0181,https://khu.elsevierpure.com/en/persons/woo-jong-hong,,lab_site,0,2026-10-08,2
P0182,https://khu.elsevierpure.com/en/publications/distinct-anti-inflammatory-activities-of-bioavailable-forms-of-ci/,,lab_site,0,2026-10-08,2
P0183,https://khu.elsevierpure.com/en/persons/miju-kim,,lab_site,0,2026-10-08,2
P0184,http://fst.khu.ac.kr/cls/user/bbs/BMSR00047/list.do?menuNo=11600089,,lab_site,0,2026-10-08,2
P0185,https://khu.elsevierpure.com/en/persons/moo-yeol-baik,,lab_site,0,2026-10-08,2
P0187,https://www.khunp.com/,https://www.khunp.com/team-3-1,alumni,1,2026-10-08,2
P0188,https://khu.elsevierpure.com/en/persons/jaeyoung-choi,,lab_site,0,2026-10-08,2
P0189,https://khu.elsevierpure.com/en/publications/distinct-anti-inflammatory-activities-of-bioavailable-forms-of-ci/,,lab_site,0,2026-10-08,2
P0190,https://khu.elsevierpure.com/en/persons/wonkyung-kim,,lab_site,0,2026-10-08,2
P0191,http://genetech.khu.ac.kr/cls/user/bbs/BMSR00047/list.do?menuNo=11600093,,lab_site,0,2026-10-08,2
P0192,https://khu.elsevierpure.com/en/persons/seung-ja-oh,,lab_site,0,2026-10-08,2
P0193,https://khu.elsevierpure.com/en/persons/sang-won-lee,,lab_site,0,2026-10-08,2
P0194,https://khu.elsevierpure.com/en/persons/ki-hong-jung,,lab_site,0,2026-10-08,2
P0195,https://pharmreg.khu.ac.kr/regulation/user/bbs/BMSR00040/list.do?menuNo=9300022,,lab_site,0,2026-10-08,2
P0196,https://pharmreg.khu.ac.kr/regulation/user/bbs/BMSR00040/list.do?menuNo=9300022,,lab_site,0,2026-10-08,2
P0198,https://pharmreg.khu.ac.kr/regulation/user/bbs/BMSR00040/list.do?menuNo=9300022,,lab_site,0,2026-10-08,2
P0199,https://pharmreg.khu.ac.kr/regulation/user/bbs/BMSR00040/list.do?menuNo=9300022,,lab_site,0,2026-10-08,2
P0200,https://pharmreg.khu.ac.kr/regulation/user/bbs/BMSR00040/list.do?menuNo=9300022,,lab_site,0,2026-10-08,2
P0201,https://pharmreg.khu.ac.kr/regulation/user/bbs/BMSR00040/list.do?menuNo=9300022,,lab_site,0,2026-10-08,2
P0203,https://pharmreg.khu.ac.kr/regulation/user/bbs/BMSR00040/list.do?menuNo=9300022,,lab_site,0,2026-10-08,2
P0204,http://pharm.cau.ac.kr/,http://pharm.cau.ac.kr/,shared_page,6,2026-10-08,2
P0205,http://pharm.cau.ac.kr/,http://pharm.cau.ac.kr/,shared_page,6,2026-10-08,2
P0207,http://pharm.cau.ac.kr/,http://pharm.cau.ac.kr/,shared_page,6,2026-10-08,2
P0208,http://pharm.cau.ac.kr/,http://pharm.cau.ac.kr/,shared_page,6,2026-10-08,2
P0209,http://pharm.cau.ac.kr/,http://pharm.cau.ac.kr/,shared_page,6,2026-10-08,2
P0210,http://pharm.cau.ac.kr/,http://pharm.cau.ac.kr/,shared_page,6,2026-10-08,2
P0211,http://pharm.cau.ac.kr/,http://pharm.cau.ac.kr/,shared_page,6,2026-10-08,2
P0212,http://pharm.cau.ac.kr/,http://pharm.cau.ac.kr/,shared_page,6,2026-10-08,2
P0213,http://pharm.cau.ac.kr/,http://pharm.cau.ac.kr/,shared_page,6,2026-10-08,2
P0214,,,no_lab_site,0,2026-10-08,2
P0215,http://pharm.cau.ac.kr/,http://pharm.cau.ac.kr/,shared_page,6,2026-10-08,2
P0216,https://sites.google.com/view/cau-chembioinfo/home,,lab_site,0,2026-10-08,2
P0217,http://pharm.cau.ac.kr/,http://pharm.cau.ac.kr/,shared_page,6,2026-10-08,2
P0218,http://pharm.cau.ac.kr/,http://pharm.cau.ac.kr/,shared_page,6,2026-10-08,2
P0219,http://pharm.cau.ac.kr/,http://pharm.cau.ac.kr/,shared_page,6,2026-10-08,2
P0220,http://pharm.cau.ac.kr/,http://pharm.cau.ac.kr/,shared_page,6,2026-10-08,2
P0221,https://sites.google.com/view/jbcho/research,,lab_site,0,2026-10-08,2
P0222,http://pharm.cau.ac.kr/,http://pharm.cau.ac.kr/,shared_page,6,2026-10-08,2
P0223,http://cobiotech.cau.ac.kr/professor?p_pfno=20,,lab_site,0,2026-10-08,2
P0224,http://cobiotech.cau.ac.kr/professor?p_pfno=21,,lab_site,0,2026-10-08,2
P0225,http://cobiotech.cau.ac.kr/professor?p_pfno=22,,lab_site,0,2026-10-08,2
P0226,http://cobiotech.cau.ac.kr/professor?p_pfno=23,,lab_site,0,2026-10-08,2
P0227,,,no_lab_site,0,2026-10-08,2
P0228,https://cauacelab.modoo.link/board/view/104/116,https://cauacelab.modoo.link/xj072ezl,alumni,3,2026-10-08,2
P0229,http://cobiotech.cau.ac.kr/professor?p_pfno=38,,lab_site,0,2026-10-08,2
P0230,http://cobiotech.cau.ac.kr/professor?p_pfno=40,,lab_site,0,2026-10-08,2
P0231,http://cobiotech.cau.ac.kr/professor?p_pfno=41,,lab_site,0,2026-10-08,2
P0233,http://cobiotech.cau.ac.kr/professor?p_pfno=44,,lab_site,0,2026-10-08,2
P0234,http://cobiotech.cau.ac.kr/professor?p_pfno=46,,lab_site,0,2026-10-08,2
P0235,https://www.fpclab.cau.ac.kr/home,,lab_site,0,2026-10-08,2
P0236,http://cobiotech.cau.ac.kr/professor?p_pfno=51,,lab_site,0,2026-10-08,2
P0237,http://cobiotech.cau.ac.kr/professor?p_pfno=53,,lab_site,0,2026-10-08,2
P0238,http://cobiotech.cau.ac.kr/professor?p_pfno=55,,lab_site,0,2026-10-08,2
P0239,https://www.caunutrigen.site/,,lab_site,0,2026-10-08,2
P0240,http://pgbl.cau.ac.kr,,lab_site,0,2026-10-08,2
P0241,http://cobiotech.cau.ac.kr/professor?p_pfno=33,,lab_site,0,2026-10-08,2
P0242,https://sites.google.com/view/jinwookleelab/publication,,lab_site,0,2026-10-08,2
P0243,https://sites.google.com/view/pmblcau/home/lab-members,https://sites.google.com/view/pmblcau/home/lab-members,alumni,8,2026-10-08,2
P0244,http://cobiotech.cau.ac.kr/professor?p_pfno=37,,lab_site,0,2026-10-08,2
P0245,https://sites.google.com/view/cau-smb/home,https://sites.google.com/view/cau-smb/members/alumni,alumni,7,2026-10-08,2
P0246,http://cobiotech.cau.ac.kr/professor?p_pfno=64,,lab_site,0,2026-10-08,2
P0247,https://lawschool.cau.ac.kr/bbs/board.php?tbl=bbs14&mode=VIEW&num=22&category=&findType=&findWord=&sort1=&sort2=&it_id=&shop_flag=&mobile_flag=&page=1,,lab_site,0,2026-10-08,2
P0248,http://gs-bms.catholic.ac.kr/bbs/bbs_detail.asp?boardID=pro_active&tp=6&pageNum=2&gubun=2&num=508,,lab_site,0,2026-10-08,2
P0249,https://www.sonlab.site/the-lab,,lab_site,0,2026-10-08,2
P0250,https://www.ulsan.ac.kr/,,lab_site,0,2026-10-08,2
P0251,https://sites.google.com/view/kugenetics/home,https://sites.google.com/view/kugenetics/lab-members/alumni,shared_page,28,2026-10-08,2
P0252,https://sites.google.com/view/kugenetics/home,https://sites.google.com/view/kugenetics/lab-members/alumni,shared_page,28,2026-10-08,2
P0253,https://sites.google.com/view/kugenetics/home,https://sites.google.com/view/kugenetics/lab-members/alumni,shared_page,28,2026-10-08,2
P0254,https://sites.google.com/view/ku-vphl/%ED%99%88-home,https://sites.google.com/view/ku-vphl/졸업생-현황-almuni,shared_page,27,2026-10-08,2
P0255,https://sites.google.com/view/ku-vphl/%ED%99%88-home,https://sites.google.com/view/ku-vphl/졸업생-현황-almuni,shared_page,27,2026-10-08,2
P0256,https://sites.google.com/view/ku-vphl/%ED%99%88-home,https://sites.google.com/view/ku-vphl/졸업생-현황-almuni,shared_page,27,2026-10-08,2
P0257,https://sites.google.com/view/ku-vphl/%ED%99%88-home,https://sites.google.com/view/ku-vphl/졸업생-현황-almuni,shared_page,27,2026-10-08,2
P0258,https://sites.google.com/view/ku-vphl/%ED%99%88-home,https://sites.google.com/view/ku-vphl/졸업생-현황-almuni,shared_page,27,2026-10-08,2
P0259,https://sites.google.com/view/ku-vphl/%ED%99%88-home,https://sites.google.com/view/ku-vphl/졸업생-현황-almuni,shared_page,27,2026-10-08,2
P0260,https://sites.google.com/view/ku-vphl/%ED%99%88-home,https://sites.google.com/view/ku-vphl/졸업생-현황-almuni,shared_page,27,2026-10-08,2
P0261,https://sites.google.com/view/ku-vphl/%ED%99%88-home,https://sites.google.com/view/ku-vphl/졸업생-현황-almuni,shared_page,27,2026-10-08,2
P0263,https://sites.google.com/view/ku-vphl/%ED%99%88-home,https://sites.google.com/view/ku-vphl/졸업생-현황-almuni,shared_page,27,2026-10-08,2
P0264,https://sites.google.com/view/ku-vphl/%ED%99%88-home,https://sites.google.com/view/ku-vphl/졸업생-현황-almuni,shared_page,27,2026-10-08,2
P0265,https://sites.google.com/view/ku-vphl/%ED%99%88-home,https://sites.google.com/view/ku-vphl/졸업생-현황-almuni,shared_page,27,2026-10-08,2
P0266,https://sites.google.com/view/ku-vphl/%ED%99%88-home,https://sites.google.com/view/ku-vphl/졸업생-현황-almuni,shared_page,27,2026-10-08,2
P0267,https://sites.google.com/view/ku-vphl/%ED%99%88-home,https://sites.google.com/view/ku-vphl/졸업생-현황-almuni,shared_page,27,2026-10-08,2
P0268,https://sites.google.com/view/ku-vphl/%ED%99%88-home,https://sites.google.com/view/ku-vphl/졸업생-현황-almuni,shared_page,27,2026-10-08,2
P0269,https://sites.google.com/view/ku-vphl/%ED%99%88-home,https://sites.google.com/view/ku-vphl/졸업생-현황-almuni,shared_page,27,2026-10-08,2
P0270,https://sites.google.com/view/ku-vphl/%ED%99%88-home,https://sites.google.com/view/ku-vphl/졸업생-현황-almuni,shared_page,27,2026-10-08,2
P0271,https://sites.google.com/view/ku-vphl/%ED%99%88-home,https://sites.google.com/view/ku-vphl/졸업생-현황-almuni,shared_page,27,2026-10-08,2
P0272,https://sites.google.com/site/donghak0906,https://sites.google.com/site/donghak0906/lab-members,shared_page,23,2026-10-08,2
P0273,https://sites.google.com/site/donghak0906,https://sites.google.com/site/donghak0906/lab-members,shared_page,23,2026-10-08,2
P0274,https://sites.google.com/site/donghak0906,https://sites.google.com/site/donghak0906/lab-members,shared_page,23,2026-10-08,2
P0275,https://sites.google.com/site/donghak0906,https://sites.google.com/site/donghak0906/lab-members,shared_page,23,2026-10-08,2
P0276,https://sites.google.com/site/donghak0906,https://sites.google.com/site/donghak0906/lab-members,shared_page,23,2026-10-08,2
P0277,https://sites.google.com/site/donghak0906,https://sites.google.com/site/donghak0906/lab-members,shared_page,23,2026-10-08,2
P0278,https://sites.google.com/view/kufmsel,https://sites.google.com/view/kufmsel/lab-member,shared_page,1,2026-10-08,2
P0279,https://sites.google.com/view/kufmsel,https://sites.google.com/view/kufmsel/lab-member,shared_page,1,2026-10-08,2
P0280,https://sites.google.com/view/kufmsel,https://sites.google.com/view/kufmsel/lab-member,shared_page,1,2026-10-08,2
P0281,https://sites.google.com/view/kufmsel,https://sites.google.com/view/kufmsel/lab-member,shared_page,1,2026-10-08,2
P0282,https://sites.google.com/view/kufmsel,https://sites.google.com/view/kufmsel/lab-member,shared_page,1,2026-10-08,2
P0283,https://gw.dongguk.edu,,lab_site,0,2026-10-08,2
P0284,https://sites.google.com/view/pharmaceutical-microbiology-la/home,https://sites.google.com/view/pharmaceutical-microbiology-la/people/alumni,shared_page,7,2026-10-08,2
P0285,https://sites.google.com/view/pharmaceutical-microbiology-la/home,https://sites.google.com/view/pharmaceutical-microbiology-la/people/alumni,shared_page,7,2026-10-08,2
P0286,https://sites.google.com/view/pharmaceutical-microbiology-la/home,https://sites.google.com/view/pharmaceutical-microbiology-la/people/alumni,shared_page,7,2026-10-08,2
P0287,https://sites.google.com/view/pharmacometricslab/home,,lab_site,0,2026-10-08,2
P0288,https://sites.google.com/dgu.ac.kr/molecular-biology-dongguk/home,https://sites.google.com/dgu.ac.kr/molecular-biology-dongguk/member,alumni,1,2026-10-08,2
P0289,https://sites.google.com/view/dgu-janglab/home,https://sites.google.com/view/dgu-janglab/members,alumni,9,2026-10-08,2
P0290,https://sites.google.com/view/kim-lab-neuroscience/home,https://sites.google.com/view/kim-lab-neuroscience/people,alumni,19,2026-10-08,2
P0291,https://lab.minholee.net/home,,lab_site,0,2026-10-08,2
P0292,https://cst.kookmin.ac.kr/forest/laboratory,,lab_site,0,2026-10-08,2
P0293,https://cst.kookmin.ac.kr/forest/laboratory,,lab_site,0,2026-10-08,2
P0294,https://cst.kookmin.ac.kr/forest/laboratory,,lab_site,0,2026-10-08,2
P0295,https://cst.kookmin.ac.kr/forest/laboratory,,lab_site,0,2026-10-08,2
P0296,https://cst.kookmin.ac.kr/forest/laboratory,,lab_site,0,2026-10-08,2
P0297,https://cst.kookmin.ac.kr/forest/laboratory,,lab_site,0,2026-10-08,2
P0298,https://cst.kookmin.ac.kr/forest/laboratory,,lab_site,0,2026-10-08,2
P0299,https://cst.kookmin.ac.kr/forest/laboratory,,lab_site,0,2026-10-08,2
P0300,https://cst.kookmin.ac.kr/forest/laboratory,,lab_site,0,2026-10-08,2
P0302,https://cst.kookmin.ac.kr/forest/laboratory,,lab_site,0,2026-10-08,2
P0303,https://cst.kookmin.ac.kr/forest/laboratory,,lab_site,0,2026-10-08,2
P0304,https://cst.kookmin.ac.kr/forest/laboratory,,lab_site,0,2026-10-08,2
P0305,https://cst.kookmin.ac.kr/forest/laboratory,,lab_site,0,2026-10-08,2
P0306,https://cst.kookmin.ac.kr/forest/laboratory,,lab_site,0,2026-10-08,2
P0307,https://cst.kookmin.ac.kr/forest/laboratory,,lab_site,0,2026-10-08,2
P0308,https://cst.kookmin.ac.kr/forest/laboratory,,lab_site,0,2026-10-08,2
P0309,https://cst.kookmin.ac.kr/forest/laboratory,,lab_site,0,2026-10-08,2
P0310,https://cst.kookmin.ac.kr/forest/laboratory,,lab_site,0,2026-10-08,2
P0311,https://cst.kookmin.ac.kr/forest/laboratory,,lab_site,0,2026-10-08,2
P0312,https://cst.kookmin.ac.kr/forest/laboratory,,lab_site,0,2026-10-08,2
P0314,https://cst.kookmin.ac.kr/forest/laboratory,,lab_site,0,2026-10-08,2
P0315,https://cst.kookmin.ac.kr/forest/laboratory,,lab_site,0,2026-10-08,2
P0317,https://www.ewha.ac.kr/ewha/life/homepage.do,,lab_site,0,2026-10-08,2
P0318,https://www.ewha.ac.kr/ewha/life/homepage.do,,lab_site,0,2026-10-08,2
P0319,https://www.ewha.ac.kr/ewha/life/homepage.do,,lab_site,0,2026-10-08,2
P0320,https://sites.google.com/view/icplab-ewha/home,,lab_site,0,2026-10-08,2
P0321,https://www.ewha.ac.kr/ewha/life/homepage.do,,lab_site,0,2026-10-08,2
P0322,https://www.ewha.ac.kr/ewha/life/homepage.do,,lab_site,0,2026-10-08,2
P0323,https://www.ewha.ac.kr/ewha/life/homepage.do,,lab_site,0,2026-10-08,2
P0325,https://www.ewha.ac.kr/ewha/life/homepage.do,,lab_site,0,2026-10-08,2
P0326,https://www.ewha.ac.kr/ewha/life/homepage.do,,lab_site,0,2026-10-08,2
P0327,https://www.ewha.ac.kr/ewha/life/homepage.do,,lab_site,0,2026-10-08,2
P0328,http://www.ewha.ac.kr/~wmaster/prof/kdyeon/,,lab_site,0,2026-10-08,2
P0329,https://www.ewha.ac.kr/ewha/life/homepage.do,,lab_site,0,2026-10-08,2
P0330,https://www.ewha.ac.kr/ewha/life/homepage.do,,lab_site,0,2026-10-08,2
P0331,https://www.ewha.ac.kr/ewha/academics/medicine-prof.do?mode=view&pId=G8dhuvpREtIhOLkkgrjKYw%3D%3D,https://www.ewha.ac.kr/ewha/academics/medicine-prof.do?mode=view&pId=G8dhuvpREtIhOLkkgrjKYw%3D%3D,alumni,3,2026-10-08,2
P0333,https://www.ewha.ac.kr/ewha/life/homepage.do,,lab_site,0,2026-10-08,2
P0334,http://home.ewha.ac.kr/~sooik72,,lab_site,0,2026-10-08,2
P0335,http://home.ewha.ac.kr/~sjkimwon/,,lab_site,0,2026-10-08,2
P0336,https://www.ewha.ac.kr/ewha/life/homepage.do,,lab_site,0,2026-10-08,2
P0337,https://www.ewha.ac.kr/ewha/life/homepage.do,,lab_site,0,2026-10-08,2
P0338,https://www.ewha.ac.kr/ewha/life/homepage.do,,lab_site,0,2026-10-08,2
P0340,https://www.ewha.ac.kr/ewha/life/homepage.do,,lab_site,0,2026-10-08,2
P0341,https://www.ewha.ac.kr/ewha/life/homepage.do,,lab_site,0,2026-10-08,2
P0342,https://www.ewha.ac.kr/ewha/life/homepage.do,,lab_site,0,2026-10-08,2
P0344,https://www.ewha.ac.kr/ewha/life/homepage.do,,lab_site,0,2026-10-08,2
P0345,https://www.ewha.ac.kr/ewha/life/homepage.do,,lab_site,0,2026-10-08,2
P0346,https://www.ewha.ac.kr/ewha/life/homepage.do,,lab_site,0,2026-10-08,2
P0347,https://www.ewha.ac.kr/ewha/life/homepage.do,,lab_site,0,2026-10-08,2
P0348,https://www.ewha.ac.kr/ewha/life/homepage.do,,lab_site,0,2026-10-08,2
P0349,https://www.ewha.ac.kr/ewha/life/homepage.do,,lab_site,0,2026-10-08,2
P0350,https://www.ewha.ac.kr/ewha/life/homepage.do,,lab_site,0,2026-10-08,2
P0351,https://www.ewha.ac.kr/ewha/life/homepage.do,,lab_site,0,2026-10-08,2
P0352,https://www.ewha.ac.kr/ewha/life/homepage.do,,lab_site,0,2026-10-08,2
P0353,https://www.ewha.ac.kr/ewha/life/homepage.do,,lab_site,0,2026-10-08,2
P0354,http://home.ewha.ac.kr/~mbit/,,lab_site,0,2026-10-08,2
P0355,http://home.ewha.ac.kr/~yeungchu/,,lab_site,0,2026-10-08,2
P0356,https://www.ewha.ac.kr/ewha/life/homepage.do,,lab_site,0,2026-10-08,2
P0358,https://www.ewha.ac.kr/ewha/life/homepage.do,,lab_site,0,2026-10-08,2
P0359,https://www.ewha.ac.kr/ewha/life/homepage.do,,lab_site,0,2026-10-08,2
P0361,https://www.ewha.ac.kr/ewha/life/homepage.do,,lab_site,0,2026-10-08,2
P0362,https://www.ewha.ac.kr/ewha/life/homepage.do,,lab_site,0,2026-10-08,2
P0363,https://www.ewha.ac.kr/ewha/life/homepage.do,,lab_site,0,2026-10-08,2
P0364,https://www.ewha.ac.kr/ewha/life/homepage.do,,lab_site,0,2026-10-08,2
P0365,http://mm.ewha.ac.kr/~pea8639/,,lab_site,0,2026-10-08,2
P0366,https://www.ewha.ac.kr/ewha/life/homepage.do,,lab_site,0,2026-10-08,2
P0367,https://www.ewha.ac.kr/ewha/life/homepage.do,,lab_site,0,2026-10-08,2
P0369,https://www.ewha.ac.kr/ewha/life/homepage.do,,lab_site,0,2026-10-08,2
P0370,http://www.ewha.ac.kr/faculty/neo,,lab_site,0,2026-10-08,2
P0371,http://home.ewha.ac.kr/~jhbaemd,,lab_site,0,2026-10-08,2
P0372,https://www.ewha.ac.kr/ewha/life/homepage.do,,lab_site,0,2026-10-08,2
P0373,https://www.ewha.ac.kr/ewha/life/homepage.do,,lab_site,0,2026-10-08,2
P0374,https://www.ewha.ac.kr/ewha/life/homepage.do,,lab_site,0,2026-10-08,2
P0375,http://www.ewha.ac.kr/~wmaster/prof/byunsw/,,lab_site,0,2026-10-08,2
P0376,https://www.ewha.ac.kr/ewha/life/homepage.do,,lab_site,0,2026-10-08,2
P0377,https://www.ewha.ac.kr/ewha/life/homepage.do,,lab_site,0,2026-10-08,2
P0378,https://www.ewha.ac.kr/ewha/life/homepage.do,,lab_site,0,2026-10-08,2
P0379,https://www.ewha.ac.kr/ewha/life/homepage.do,,lab_site,0,2026-10-08,2
P0380,https://www.ewha.ac.kr/ewha/life/homepage.do,,lab_site,0,2026-10-08,2
P0381,https://www.ewha.ac.kr/ewha/life/homepage.do,,lab_site,0,2026-10-08,2
P0382,https://www.ewha.ac.kr/ewha/life/homepage.do,,lab_site,0,2026-10-08,2
P0383,https://www.ewha.ac.kr/ewha/life/homepage.do,,lab_site,0,2026-10-08,2
P0384,https://www.ewha.ac.kr/ewha/life/homepage.do,,lab_site,0,2026-10-08,2
P0385,https://www.ewha.ac.kr/ewha/life/homepage.do,,lab_site,0,2026-10-08,2
P0386,https://www.ewha.ac.kr/ewha/life/homepage.do,,lab_site,0,2026-10-08,2
P0388,https://yhahn2.wixsite.com/ewha,,lab_site,0,2026-10-08,2
P0389,https://www.ewha.ac.kr/ewha/life/homepage.do,,lab_site,0,2026-10-08,2
P0390,https://www.ewha.ac.kr/ewha/life/homepage.do,,lab_site,0,2026-10-08,2
P0391,http://home.ewha.ac.kr/~parayang,,lab_site,0,2026-10-08,2
P0392,https://www.ewha.ac.kr/ewha/life/homepage.do,,lab_site,0,2026-10-08,2
P0393,http://mm.ewha.ac.kr/~sywoo/,,lab_site,0,2026-10-08,2
P0394,https://www.ewha.ac.kr/ewha/life/homepage.do,,lab_site,0,2026-10-08,2
P0395,https://www.ewha.ac.kr/ewha/life/homepage.do,,lab_site,0,2026-10-08,2
P0396,https://www.ewha.ac.kr/ewha/life/homepage.do,,lab_site,0,2026-10-08,2
P0398,https://www.ewha.ac.kr/ewha/life/homepage.do,,lab_site,0,2026-10-08,2
P0399,https://www.ewha.ac.kr/ewha/life/homepage.do,,lab_site,0,2026-10-08,2
P0400,https://myr.ewha.ac.kr/jcyoon/,,lab_site,0,2026-10-08,2
P0401,https://www.ewha.ac.kr/ewha/life/homepage.do,,lab_site,0,2026-10-08,2
P0402,http://home.ewha.ac.kr/~syy/,,lab_site,0,2026-10-08,2
P0403,https://www.ewha.ac.kr/ewha/life/homepage.do,,lab_site,0,2026-10-08,2
P0404,https://www.ewha.ac.kr/ewha/life/homepage.do,,lab_site,0,2026-10-08,2
P0405,https://www.ewha.ac.kr/ewha/life/homepage.do,,lab_site,0,2026-10-08,2
P0406,https://www.ewha.ac.kr/ewha/life/homepage.do,,lab_site,0,2026-10-08,2
P0407,https://www.ewha.ac.kr/ewha/life/homepage.do,,lab_site,0,2026-10-08,2
P0408,http://home.ewha.ac.kr/~leejisoo/,,lab_site,0,2026-10-08,2
P0409,http://home.ewha.ac.kr/~lung/,,lab_site,0,2026-10-08,2
P0411,https://www.ewha.ac.kr/ewha/life/homepage.do,,lab_site,0,2026-10-08,2
P0412,https://www.ewha.ac.kr/ewha/life/homepage.do,,lab_site,0,2026-10-08,2
P0413,https://www.ewha.ac.kr/ewha/life/homepage.do,,lab_site,0,2026-10-08,2
P0414,https://www.ewha.ac.kr/ewha/life/homepage.do,,lab_site,0,2026-10-08,2
P0415,https://www.ewha.ac.kr/ewha/life/homepage.do,,lab_site,0,2026-10-08,2
P0416,https://www.ewha.ac.kr/ewha/life/homepage.do,,lab_site,0,2026-10-08,2
P0417,https://www.ewha.ac.kr/ewha/life/homepage.do,,lab_site,0,2026-10-08,2
P0422,https://www.ewha.ac.kr/ewha/life/homepage.do,,lab_site,0,2026-10-08,2
P0423,https://www.ewha.ac.kr/ewha/life/homepage.do,,lab_site,0,2026-10-08,2
P0424,https://www.ewha.ac.kr/ewha/life/homepage.do,,lab_site,0,2026-10-08,2
P0425,https://www.ewha.ac.kr/ewha/life/homepage.do,,lab_site,0,2026-10-08,2
P0427,https://www.ewha.ac.kr/ewha/life/homepage.do,,lab_site,0,2026-10-08,2
P0428,https://www.ewha.ac.kr/ewha/life/homepage.do,,lab_site,0,2026-10-08,2
P0429,https://www.ewha.ac.kr/ewha/life/homepage.do,,lab_site,0,2026-10-08,2
P0430,https://www.ewha.ac.kr/ewha/life/homepage.do,,lab_site,0,2026-10-08,2
P0431,https://www.ewha.ac.kr/ewha/life/homepage.do,,lab_site,0,2026-10-08,2
P0432,https://www.ewha.ac.kr/ewha/life/homepage.do,,lab_site,0,2026-10-08,2
P0433,https://sites.google.com/view/ewhabddl,,lab_site,0,2026-10-08,2
P0434,https://www.ewha.ac.kr/ewha/life/homepage.do,,lab_site,0,2026-10-08,2
P0435,https://www.ewha.ac.kr/ewha/life/homepage.do,,lab_site,0,2026-10-08,2
P0437,https://www.ewha.ac.kr/ewha/life/homepage.do,,lab_site,0,2026-10-08,2
P0438,https://www.ewha.ac.kr/ewha/life/homepage.do,,lab_site,0,2026-10-08,2
P0439,https://www.ewha.ac.kr/ewha/life/homepage.do,,lab_site,0,2026-10-08,2
P0440,https://www.ewha.ac.kr/ewha/life/homepage.do,,lab_site,0,2026-10-08,2
P0441,https://www.ewha.ac.kr/ewha/life/homepage.do,,lab_site,0,2026-10-08,2
P0442,https://www.ewha.ac.kr/ewha/life/homepage.do,,lab_site,0,2026-10-08,2
P0443,http://bioe.ewha.ac.kr,,lab_site,0,2026-10-08,2
P0444,http://home.ewha.ac.kr/~heechoi/,,lab_site,0,2026-10-08,2
P0445,https://www.ewha.ac.kr/ewha/life/homepage.do,,lab_site,0,2026-10-08,2
P0446,https://www.ewha.ac.kr/ewha/life/homepage.do,,lab_site,0,2026-10-08,2
P0447,http://home.ewha.ac.kr/~khhan/,,lab_site,0,2026-10-08,2
P0448,http://www.ewha.ac.kr/~wmaster/prof/ahnhan/,,lab_site,0,2026-10-08,2
P0449,http://mm.ewha.ac.kr/~JungWonH/,,lab_site,0,2026-10-08,2
P0451,https://www.ewha.ac.kr/ewha/life/homepage.do,,lab_site,0,2026-10-08,2
P0452,https://www.ewha.ac.kr/ewha/life/homepage.do,,lab_site,0,2026-10-08,2
P0453,https://www.ewha.ac.kr/ewha/life/homepage.do,,lab_site,0,2026-10-08,2
P0454,https://www.ewha.ac.kr/ewha/life/homepage.do,,lab_site,0,2026-10-08,2
P0455,https://www.ewha.ac.kr/ewha/life/homepage.do,,lab_site,0,2026-10-08,2
P0456,https://sites.google.com/view/icplab-ewha,,lab_site,0,2026-10-08,2
P0458,https://sites.google.com/view/icplab-ewha,,lab_site,0,2026-10-08,2
P0459,https://sites.google.com/view/icplab-ewha,,lab_site,0,2026-10-08,2
P0460,https://pharmacy.dongduk.ac.kr/myboard/st_prof,https://pharmacy.dongduk.ac.kr/page/page19,shared_page,1,2026-10-08,2
P0461,https://pharmacy.dongduk.ac.kr/myboard/st_prof,https://pharmacy.dongduk.ac.kr/page/page19,shared_page,1,2026-10-08,2
P0462,https://pharmacy.dongduk.ac.kr/myboard/st_prof,https://pharmacy.dongduk.ac.kr/page/page19,shared_page,1,2026-10-08,2
P0463,https://pharmacy.dongduk.ac.kr/myboard/st_prof,https://pharmacy.dongduk.ac.kr/page/page19,shared_page,1,2026-10-08,2
P0464,https://pharmacy.dongduk.ac.kr/myboard/st_prof,https://pharmacy.dongduk.ac.kr/page/page19,shared_page,1,2026-10-08,2
P0465,https://pharmacy.dongduk.ac.kr/myboard/st_prof,https://pharmacy.dongduk.ac.kr/page/page19,shared_page,1,2026-10-08,2
P0466,https://pharmacy.dongduk.ac.kr/myboard/st_prof,https://pharmacy.dongduk.ac.kr/page/page19,shared_page,1,2026-10-08,2
P0467,https://www.syu.ac.kr/pharmacy/undergraduate-information/graduate-school/laboratory-by-major/,,lab_site,0,2026-10-08,2
P0469,https://bio.cha.ac.kr/professor/%ea%b3%a0%ec%84%b1%ed%98%b8/,,lab_site,0,2026-10-08,2
P0470,https://bio.cha.ac.kr/professor/%ea%b3%a0%ec%84%b1%ed%98%b8/,,lab_site,0,2026-10-08,2
P0471,https://bio.cha.ac.kr/professor/%ea%b3%a0%ec%84%b1%ed%98%b8/,,lab_site,0,2026-10-08,2
P0472,https://bio.cha.ac.kr/professor/%ea%b3%a0%ec%84%b1%ed%98%b8/,,lab_site,0,2026-10-08,2
P0473,https://bm.cha.ac.kr/%ea%b5%90%ec%88%98%ec%a7%84/,,lab_site,0,2026-10-08,2
P0475,https://bm.cha.ac.kr/%ea%b5%90%ec%88%98%ec%a7%84/,,lab_site,0,2026-10-08,2
P0477,https://bm.cha.ac.kr/%ea%b5%90%ec%88%98%ec%a7%84/,,lab_site,0,2026-10-08,2
P0478,https://bm.cha.ac.kr/%ea%b5%90%ec%88%98%ec%a7%84/,,lab_site,0,2026-10-08,2
P0480,https://fsb.cha.ac.kr/%ea%b5%90%ec%88%98%ec%a7%84/,,lab_site,0,2026-10-08,2
P0481,https://fsb.cha.ac.kr/%ea%b5%90%ec%88%98%ec%a7%84/,,lab_site,0,2026-10-08,2
P0482,https://fsb.cha.ac.kr/%ea%b5%90%ec%88%98%ec%a7%84/,,lab_site,0,2026-10-08,2
P0483,https://fsb.cha.ac.kr/%ea%b5%90%ec%88%98%ec%a7%84/,,lab_site,0,2026-10-08,2
P0484,https://fsb.cha.ac.kr/%ea%b5%90%ec%88%98%ec%a7%84/,,lab_site,0,2026-10-08,2
P0485,https://fsb.cha.ac.kr/professor/%ed%99%a9%ec%86%8c%ed%98%84/,,lab_site,0,2026-10-08,2
P0486,https://pharmacy.cha.ac.kr/%ea%b5%90%ec%88%98%ec%a7%84/,,lab_site,0,2026-10-08,2
P0487,https://pharmacy.cha.ac.kr/%ea%b5%90%ec%88%98%ec%a7%84/,,lab_site,0,2026-10-08,2
P0488,https://pharmacy.cha.ac.kr/%ea%b5%90%ec%88%98%ec%a7%84/,,lab_site,0,2026-10-08,2
P0489,https://pharmacy.cha.ac.kr/%ea%b5%90%ec%88%98%ec%a7%84/,,lab_site,0,2026-10-08,2
P0490,https://pharmacy.cha.ac.kr/professor/%ea%b5%ac%ec%9c%a4%ed%83%9c/,,lab_site,0,2026-10-08,2
P0491,https://pharmacy.cha.ac.kr/professor/%ec%86%90%ed%98%84%ec%88%9c/,,lab_site,0,2026-10-08,2
P0492,https://pharmacy.cha.ac.kr/professor/%ec%95%88%ed%99%8d%ec%b0%ac/,,lab_site,0,2026-10-08,2
P0493,https://pharmacy.cha.ac.kr/professor/%ec%96%91%ec%98%81%eb%8d%95/,,lab_site,0,2026-10-08,2
P0494,https://pharmacy.cha.ac.kr/professor/%ec%b5%9c%eb%b3%b4%ec%9c%a4/,,lab_site,0,2026-10-08,2
P0495,https://major.eulji.ac.kr/laboratory/,,lab_site,0,2026-10-08,2
P0496,https://major.eulji.ac.kr/laboratory/,,lab_site,0,2026-10-08,2
P0497,https://major.eulji.ac.kr/laboratory/,,lab_site,0,2026-10-08,2
P0498,https://major.eulji.ac.kr/laboratory/,,lab_site,0,2026-10-08,2
P0501,http://major.eulji.ac.kr/laboratory/,,lab_site,0,2026-10-08,2
P0502,https://major.eulji.ac.kr/laboratory/,,lab_site,0,2026-10-08,2
P0503,https://medicine.eulji.ac.kr/?menuno=3325&id=6650&type=F&gubun=view,,lab_site,0,2026-10-08,2
P0504,https://medicine.eulji.ac.kr/?menuno=3325&id=31109&type=F&gubun=view,,lab_site,0,2026-10-08,2
P0505,https://medicine.eulji.ac.kr/?menuno=3325&id=31108&type=F&gubun=view,,lab_site,0,2026-10-08,2
P0506,https://medicine.eulji.ac.kr/?menuno=3325&id=31061&type=F&gubun=view,,lab_site,0,2026-10-08,2
P0507,https://medicine.eulji.ac.kr/?menuno=3325&id=31097&type=F&gubun=view,,lab_site,0,2026-10-08,2
P0509,https://medicine.eulji.ac.kr/?menuno=3416&id=1520&type=F&gubun=view,,lab_site,0,2026-10-08,2
P0510,https://medicine.eulji.ac.kr/?menuno=3416&id=1530&type=F&gubun=view,,lab_site,0,2026-10-08,2
P0511,https://medicine.eulji.ac.kr/?menuno=3416&id=1480&type=F&gubun=view,,lab_site,0,2026-10-08,2
P0513,https://medicine.eulji.ac.kr/?menuno=3416&id=30337&type=F&gubun=view,,lab_site,0,2026-10-08,2
P0514,https://medicine.eulji.ac.kr/?menuno=3416&id=30493&type=F&gubun=view,,lab_site,0,2026-10-08,2
P0515,https://medicine.eulji.ac.kr/?menuno=3416&id=30338&type=F&gubun=view,,lab_site,0,2026-10-08,2
P0516,https://medicine.eulji.ac.kr/?menuno=3416&id=11160&type=F&gubun=view,,lab_site,0,2026-10-08,2
P0517,https://medicine.eulji.ac.kr/?menuno=3391&id=30601&type=F&gubun=view,,lab_site,0,2026-10-08,2
P0518,https://medicine.eulji.ac.kr/?menuno=3361&id=5340&type=F&gubun=view,,lab_site,0,2026-10-08,2
P0519,https://medicine.eulji.ac.kr/?menuno=3361&id=30061&type=F&gubun=view,,lab_site,0,2026-10-08,2
P0520,https://medicine.eulji.ac.kr/?menuno=3381&id=30926&type=F&gubun=view,,lab_site,0,2026-10-08,2
P0521,https://medicine.eulji.ac.kr/?menuno=3371&id=30721&type=F&gubun=view,,lab_site,0,2026-10-08,2
P0522,https://medicine.eulji.ac.kr/?menuno=3376&id=2100&type=F&gubun=view,,lab_site,0,2026-10-08,2
P0523,https://medicine.eulji.ac.kr/?menuno=3376&id=30916&type=F&gubun=view,,lab_site,0,2026-10-08,2
P0524,https://medicine.eulji.ac.kr/?menuno=7867&id=30663&type=F&gubun=view,,lab_site,0,2026-10-08,2
P0525,https://medicine.eulji.ac.kr/?menuno=3411&id=1430&type=F&gubun=view,,lab_site,0,2026-10-08,2
P0526,https://medicine.eulji.ac.kr/?menuno=3411&id=30588&type=F&gubun=view,,lab_site,0,2026-10-08,2
P0527,https://medicine.eulji.ac.kr/?menuno=3411&id=30298&type=F&gubun=view,,lab_site,0,2026-10-08,2
P0529,https://medicine.eulji.ac.kr/?menuno=3386&id=30252&type=F&gubun=view,,lab_site,0,2026-10-08,2
P0530,https://medicine.eulji.ac.kr/?menuno=3386&id=30923&type=F&gubun=view,,lab_site,0,2026-10-08,2
P0531,https://medicine.eulji.ac.kr/?menuno=3431&id=30355&type=F&gubun=view,,lab_site,0,2026-10-08,2
P0532,https://medicine.eulji.ac.kr/?menuno=3446&id=2580&type=F&gubun=view,,lab_site,0,2026-10-08,2
P0533,https://medicine.eulji.ac.kr/?menuno=3446&id=30362&type=F&gubun=view,,lab_site,0,2026-10-08,2
P0534,https://medicine.eulji.ac.kr/?menuno=3446&id=6190&type=F&gubun=view,,lab_site,0,2026-10-08,2
P0535,https://medicine.eulji.ac.kr/?menuno=3446&id=11040&type=F&gubun=view,,lab_site,0,2026-10-08,2
P0536,,,no_lab_site,0,2026-10-08,2
P0537,,,no_lab_site,0,2026-10-08,2
P0538,,,no_lab_site,0,2026-10-08,2
P0539,,,no_lab_site,0,2026-10-08,2
P0540,,,no_lab_site,0,2026-10-08,2
P0541,,,no_lab_site,0,2026-10-08,2
P0542,,,no_lab_site,0,2026-10-08,2
P0543,,,no_lab_site,0,2026-10-08,2
P0544,,,no_lab_site,0,2026-10-08,2
P0545,,,no_lab_site,0,2026-10-08,2
P0546,,,no_lab_site,0,2026-10-08,2
P0547,,,no_lab_site,0,2026-10-08,2
P0548,,,no_lab_site,0,2026-10-08,2
P0549,,,no_lab_site,0,2026-10-08,2
P0550,,,no_lab_site,0,2026-10-08,2
P0551,,,no_lab_site,0,2026-10-08,2
P0552,,,no_lab_site,0,2026-10-08,2
P0554,,,no_lab_site,0,2026-10-08,2
P0555,,,no_lab_site,0,2026-10-08,2
P0556,,,no_lab_site,0,2026-10-08,2
P0557,https://www.dkucblab.kr/home,https://www.dkucblab.kr/members,alumni,2,2026-10-08,2
P0558,,,no_lab_site,0,2026-10-08,2
P0560,,,no_lab_site,0,2026-10-08,2
P0561,,,no_lab_site,0,2026-10-08,2
P0562,,,no_lab_site,0,2026-10-08,2
P0563,,,no_lab_site,0,2026-10-08,2
P0564,https://lab.researchwho.com/Hanmedchemlab/member/,https://lab.researchwho.com/Hanmedchemlab/member/,alumni,1,2026-10-08,2
P0565,,,no_lab_site,0,2026-10-08,2
P0566,,,no_lab_site,0,2026-10-08,2
P0567,,,no_lab_site,0,2026-10-08,2
P0568,,,no_lab_site,0,2026-10-08,2
P0569,,,no_lab_site,0,2026-10-08,2
P0570,,,no_lab_site,0,2026-10-08,2
P0571,,,no_lab_site,0,2026-10-08,2
P0572,,,no_lab_site,0,2026-10-08,2
P0573,,,no_lab_site,0,2026-10-08,2
P0574,,,no_lab_site,0,2026-10-08,2
P0575,,,no_lab_site,0,2026-10-08,2
P0576,,,no_lab_site,0,2026-10-08,2
P0577,,,no_lab_site,0,2026-10-08,2
P0578,,,no_lab_site,0,2026-10-08,2
P0579,,,no_lab_site,0,2026-10-08,2
P0580,,,no_lab_site,0,2026-10-08,2
P0581,,,no_lab_site,0,2026-10-08,2
P0582,,,no_lab_site,0,2026-10-08,2
P0583,,,no_lab_site,0,2026-10-08,2
P0584,,,no_lab_site,0,2026-10-08,2
P0585,,,no_lab_site,0,2026-10-08,2
P0586,,,no_lab_site,0,2026-10-08,2
P0587,,,no_lab_site,0,2026-10-08,2
P0588,,,no_lab_site,0,2026-10-08,2
P0589,,,no_lab_site,0,2026-10-08,2
P0590,,,no_lab_site,0,2026-10-08,2
P0591,,,no_lab_site,0,2026-10-08,2
P0592,,,no_lab_site,0,2026-10-08,2
P0593,,,no_lab_site,0,2026-10-08,2
P0594,,,no_lab_site,0,2026-10-08,2
P0595,,,no_lab_site,0,2026-10-08,2
P0596,,,no_lab_site,0,2026-10-08,2
P0597,,,no_lab_site,0,2026-10-08,2
P0598,,,no_lab_site,0,2026-10-08,2
P0599,,,no_lab_site,0,2026-10-08,2
P0600,,,no_lab_site,0,2026-10-08,2
P0601,,,no_lab_site,0,2026-10-08,2
P0602,,,no_lab_site,0,2026-10-08,2
P0603,,,no_lab_site,0,2026-10-08,2
P0604,,,no_lab_site,0,2026-10-08,2
P0605,,,no_lab_site,0,2026-10-08,2
P0606,,,no_lab_site,0,2026-10-08,2
P0609,,,no_lab_site,0,2026-10-08,2
P0610,,,no_lab_site,0,2026-10-08,2
P0611,https://am2ran.com/,,lab_site,0,2026-10-08,2
P0612,,,no_lab_site,0,2026-10-08,2
P0613,,,no_lab_site,0,2026-10-08,2
P0614,,,no_lab_site,0,2026-10-08,2
P0616,,,no_lab_site,0,2026-10-08,2
P0617,,,no_lab_site,0,2026-10-08,2
P0618,,,no_lab_site,0,2026-10-08,2
P0619,,,no_lab_site,0,2026-10-08,2
P0620,,,no_lab_site,0,2026-10-08,2
P0621,,,no_lab_site,0,2026-10-08,2
P0622,,,no_lab_site,0,2026-10-08,2
P0623,,,no_lab_site,0,2026-10-08,2
P0624,,,no_lab_site,0,2026-10-08,2
P0625,,,no_lab_site,0,2026-10-08,2
P0626,,,no_lab_site,0,2026-10-08,2
P0627,,,no_lab_site,0,2026-10-08,2
P0628,,,no_lab_site,0,2026-10-08,2
P0629,,,no_lab_site,0,2026-10-08,2
P0630,,,no_lab_site,0,2026-10-08,2
P0631,,,no_lab_site,0,2026-10-08,2
P0632,,,no_lab_site,0,2026-10-08,2
P0634,,,no_lab_site,0,2026-10-08,2
P0635,,,no_lab_site,0,2026-10-08,2
P0636,,,no_lab_site,0,2026-10-08,2
P0637,,,no_lab_site,0,2026-10-08,2
P0638,,,no_lab_site,0,2026-10-08,2
P0639,,,no_lab_site,0,2026-10-08,2
P0640,,,no_lab_site,0,2026-10-08,2
P0641,,,no_lab_site,0,2026-10-08,2
P0642,,,no_lab_site,0,2026-10-08,2
P0643,,,no_lab_site,0,2026-10-08,2
P0644,,,no_lab_site,0,2026-10-08,2
P0645,https://che.seoultech.ac.kr/graduate/lab,,lab_site,0,2026-10-08,2
P0646,https://che.seoultech.ac.kr/graduate/lab,,lab_site,0,2026-10-08,2
P0647,https://che.seoultech.ac.kr/graduate/lab,,lab_site,0,2026-10-08,2
P0648,https://sites.google.com/view/kooslaborotory,https://sites.google.com/view/kooslaborotory/members/alumni,alumni,25,2026-10-08,2
P0649,https://sites.google.com/view/fsdlab,https://sites.google.com/view/fsdlab/member/alumni,alumni,6,2026-10-08,2
P0650,https://food.seoultech.ac.kr/department/prof?togo=list&menu=2049&profidx=02553,https://food.seoultech.ac.kr/community/alumni,shared_page,3,2026-10-08,2
P0651,https://food.seoultech.ac.kr/department/prof?togo=list&menu=2049&profidx=02570,https://food.seoultech.ac.kr/community/alumni,shared_page,3,2026-10-08,2
P0652,http://www.drsoslab.com,,lab_site,0,2026-10-08,2
P0654,https://food.seoultech.ac.kr/department/prof?togo=list&menu=2049&profidx=02750,https://food.seoultech.ac.kr/community/alumni,shared_page,3,2026-10-08,2
P0655,https://bms.seoultech.ac.kr/intro/labs,,lab_site,0,2026-10-08,2
P0656,https://sites.google.com/view/hatcherlab/,,lab_site,0,2026-10-08,2
P0657,https://sites.google.com/view/drewkimlab,https://sites.google.com/view/drewkimlab/members/alumni,alumni,17,2026-10-08,2
P0658,https://medsci.seoultech.ac.kr/graduate/professor?togo=list&menu=78095&profidx=02615,,lab_site,0,2026-10-08,2
P0659,https://medsci.seoultech.ac.kr/graduate/professor?togo=list&menu=78095&profidx=02554,,lab_site,0,2026-10-08,2
P0660,https://medsci.seoultech.ac.kr/graduate/professor?togo=list&menu=78095&profidx=02185,,lab_site,0,2026-10-08,2
P0662,http://www.seoultechlab.kr,,lab_site,0,2026-10-08,2
P0663,http://www.seoultechlab.kr,,lab_site,0,2026-10-08,2
P0664,https://sites.google.com/view/seoultech-raiselab/people,,lab_site,0,2026-10-08,2
P0665,https://home.knu.ac.kr/HOME/ihbr/sub.htm?nav_code=ihb1656463679,https://home.knu.ac.kr/HOME/ihbr/sub.htm?nav_code=ihb1656463679,shared_page,11,2026-10-08,2
P0666,https://home.knu.ac.kr/HOME/ihbr/sub.htm?nav_code=ihb1656463679,https://home.knu.ac.kr/HOME/ihbr/sub.htm?nav_code=ihb1656463679,shared_page,11,2026-10-08,2
P0667,https://home.knu.ac.kr/HOME/ihbr/sub.htm?nav_code=ihb1656463679,https://home.knu.ac.kr/HOME/ihbr/sub.htm?nav_code=ihb1656463679,shared_page,11,2026-10-08,2
P0668,https://home.knu.ac.kr/HOME/ihbr/sub.htm?nav_code=ihb1656463679,https://home.knu.ac.kr/HOME/ihbr/sub.htm?nav_code=ihb1656463679,shared_page,11,2026-10-08,2
P0669,http://biotech.knu.ac.kr/bbs/board.php?bo_table=sub4_2_2,,lab_site,0,2026-10-08,2
P0670,http://biotech.knu.ac.kr/bbs/board.php?bo_table=sub4_2_2,,lab_site,0,2026-10-08,2
P0671,http://biotech.knu.ac.kr/bbs/board.php?bo_table=sub4_2_2,,lab_site,0,2026-10-08,2
P0672,http://biotech.knu.ac.kr/bbs/board.php?bo_table=sub4_2_2,,lab_site,0,2026-10-08,2
P0673,http://biotech.knu.ac.kr/bbs/board.php?bo_table=sub4_2_2,,lab_site,0,2026-10-08,2
P0674,https://sites.google.com/view/knu-lme/,https://sites.google.com/view/knu-lme/people,alumni,5,2026-10-08,2
P0675,http://biotech.knu.ac.kr/bbs/board.php?bo_table=sub4_2_2,,lab_site,0,2026-10-08,2
P0676,http://biotech.knu.ac.kr/bbs/board.php?bo_table=sub4_2_2,,lab_site,0,2026-10-08,2
P0677,http://biotech.knu.ac.kr/bbs/board.php?bo_table=sub4_2_2,,lab_site,0,2026-10-08,2
P0678,https://sites.google.com/view/knu-leb,https://sites.google.com/view/knu-leb/people,alumni,4,2026-10-08,2
P0679,https://yoojs-lab.github.io/website_YooJS/,,lab_site,0,2026-10-08,2
P0680,https://sites.google.com/view/knufbr/,https://sites.google.com/view/knufbr/members/alumni,shared_page,2,2026-10-08,2
P0681,https://sites.google.com/site/kimlabknu/website-builder,https://sites.google.com/site/kimlabknu/website-builder/events,alumni,21,2026-10-08,2
P0682,https://fmg.knu.ac.kr/,,lab_site,0,2026-10-08,2
P0683,https://fmbl.knu.ac.kr/,,lab_site,0,2026-10-08,2
P0684,https://skjung05.wixsite.com/knu-lab/lab-members,https://skjung05.wixsite.com/knu-lab/alumni,alumni,21,2026-10-08,2
P0685,http://kfbe.knu.ac.kr,,lab_site,0,2026-10-08,2
P0686,https://foodchemlab.knu.ac.kr/,,lab_site,0,2026-10-08,2
P0687,https://sites.google.com/view/knufbr/,https://sites.google.com/view/knufbr/members/alumni,shared_page,2,2026-10-08,2
P0688,https://fobichen.knu.ac.kr/,,lab_site,0,2026-10-08,2
P0689,https://yklab.snu.ac.kr,https://yklab.snu.ac.kr/people/former-members,shared_page,6,2026-10-08,2
P0690,https://ddkim.snu.ac.kr/,,lab_site,0,2026-10-08,2
P0691,http://skim.snu.ac.kr/,,lab_site,0,2026-10-08,2
P0692,https://yklab.snu.ac.kr,https://yklab.snu.ac.kr/people/former-members,shared_page,6,2026-10-08,2
P0693,https://klit.snu.ac.kr/,https://klit.snu.ac.kr/members/,alumni,9,2026-10-08,2
P0694,https://diederich.snu.ac.kr/,,lab_site,0,2026-10-08,2
P0695,,,no_lab_site,0,2026-10-08,2
P0696,https://sparklab.snu.ac.kr/,,lab_site,0,2026-10-08,2
P0697,https://yklab.snu.ac.kr,https://yklab.snu.ac.kr/people/former-members,shared_page,6,2026-10-08,2
P0698,https://jmsong.snu.ac.kr/,,lab_site,0,2026-10-08,2
P0699,https://yklab.snu.ac.kr,https://yklab.snu.ac.kr/people/former-members,shared_page,6,2026-10-08,2
P0700,https://yklab.snu.ac.kr,https://yklab.snu.ac.kr/people/former-members,shared_page,6,2026-10-08,2
P0701,,,no_lab_site,0,2026-10-08,2
P0702,https://bhlee.snu.ac.kr/,,lab_site,0,2026-10-08,2
P0703,https://skleelab.wordpress.com/2018/03/28/the-journey-begins/,,lab_site,0,2026-10-08,2
P0704,https://yklab.snu.ac.kr,https://yklab.snu.ac.kr/people/former-members,shared_page,6,2026-10-08,2
P0705,https://yhllab.snu.ac.kr/index.asp,,lab_site,0,2026-10-08,2
P0706,https://yklab.snu.ac.kr,https://yklab.snu.ac.kr/people/former-members,shared_page,6,2026-10-08,2
P0707,https://jwl.snu.ac.kr/,,lab_site,0,2026-10-08,2
P0708,https://yklab.snu.ac.kr,https://yklab.snu.ac.kr/people/former-members,shared_page,6,2026-10-08,2
P0709,https://yklab.snu.ac.kr,https://yklab.snu.ac.kr/people/former-members,shared_page,6,2026-10-08,2
P0710,https://jyl.snu.ac.kr/,,lab_site,0,2026-10-08,2
P0711,https://hylee.snu.ac.kr/,,lab_site,0,2026-10-08,2
P0712,,,no_lab_site,0,2026-10-08,2
P0713,https://immprove.snu.ac.kr/,https://immprove.snu.ac.kr/alumni/,alumni,11,2026-10-08,2
P0714,http://molcelltoxicology.creatorlink.net/,,lab_site,0,2026-10-08,2
P0715,https://bwhan.snu.ac.kr/,,lab_site,0,2026-10-08,2
P0716,https://www.schong17.com/,https://www.schong17.com/alumni,alumni,8,2026-10-08,2
P0717,https://cbe.snu.ac.kr/cbe/pgm/professorMng/list.do?menuNo=300015&profCate=66,,lab_site,0,2026-10-08,2
P0718,https://flextronics.snu.ac.kr/,,lab_site,0,2026-10-08,2
P0719,https://eecat.snu.ac.kr/,https://eecat.snu.ac.kr/members/alumni/index.jsp,alumni,44,2026-10-08,2
P0720,https://cbe.snu.ac.kr/cbe/pgm/professorMng/list.do?menuNo=300015&profCate=66,,lab_site,0,2026-10-08,2
P0721,https://cbe.snu.ac.kr/cbe/pgm/professorMng/list.do?menuNo=300015&profCate=66,,lab_site,0,2026-10-08,2
P0722,https://cbe.snu.ac.kr/cbe/pgm/professorMng/list.do?menuNo=300015&profCate=66,,lab_site,0,2026-10-08,2
P0723,https://cbe.snu.ac.kr/cbe/pgm/professorMng/list.do?menuNo=300015&profCate=66,,lab_site,0,2026-10-08,2
P0724,https://cbe.snu.ac.kr/cbe/pgm/professorMng/list.do?menuNo=300015&profCate=66,,lab_site,0,2026-10-08,2
P0725,https://cbe.snu.ac.kr/cbe/pgm/professorMng/list.do?menuNo=300015&profCate=66,,lab_site,0,2026-10-08,2
P0726,https://fluid.snu.ac.kr/research/self-driving-lab/,https://fluid.snu.ac.kr/people/,alumni,26,2026-10-08,2
P0727,https://cbe.snu.ac.kr/cbe/pgm/professorMng/list.do?menuNo=300015&profCate=66,,lab_site,0,2026-10-08,2
P0728,https://cbe.snu.ac.kr/cbe/pgm/professorMng/list.do?menuNo=300015&profCate=66,,lab_site,0,2026-10-08,2
P0729,https://cbe.snu.ac.kr/cbe/pgm/professorMng/list.do?menuNo=300015&profCate=66,,lab_site,0,2026-10-08,2
P0730,https://cbe.snu.ac.kr/cbe/pgm/professorMng/list.do?menuNo=300015&profCate=66,,lab_site,0,2026-10-08,2
P0731,https://cbe.snu.ac.kr/cbe/pgm/professorMng/list.do?menuNo=300015&profCate=66,,lab_site,0,2026-10-08,2
P0732,https://cbe.snu.ac.kr/cbe/pgm/professorMng/list.do?menuNo=300015&profCate=66,,lab_site,0,2026-10-08,2
P0733,https://cbe.snu.ac.kr/cbe/pgm/professorMng/list.do?menuNo=300015&profCate=66,,lab_site,0,2026-10-08,2
P0734,,,no_lab_site,0,2026-10-08,2
P0735,https://cbe.snu.ac.kr/cbe/pgm/professorMng/list.do?menuNo=300015&profCate=66,,lab_site,0,2026-10-08,2
P0736,https://cbe.snu.ac.kr/cbe/pgm/professorMng/list.do?menuNo=300015&profCate=66,,lab_site,0,2026-10-08,2
P0737,https://electrochem.snu.ac.kr/bbs/board.php?bo_table=sub4_1&wr_id=40,,lab_site,0,2026-10-08,2
P0738,https://tcsm.snu.ac.kr/,https://tcsm.snu.ac.kr/alumni/,alumni,61,2026-10-08,2
P0739,https://cbe.snu.ac.kr/cbe/pgm/professorMng/list.do?menuNo=300015&profCate=66,,lab_site,0,2026-10-08,2
P0740,http://pcl.snu.ac.kr/bbs/board.php?tbl=candidate1,,lab_site,0,2026-10-08,2
P0741,https://cbe.snu.ac.kr/cbe/pgm/professorMng/list.do?menuNo=300015&profCate=66,,lab_site,0,2026-10-08,2
P0742,https://micc.snu.ac.kr/groupmeeting-2/,https://micc.snu.ac.kr/members/,alumni,30,2026-10-08,2
P0743,https://inchung.snu.ac.kr/,https://inchung.snu.ac.kr/alumni/,alumni,4,2026-10-08,2
P0744,https://mest.snu.ac.kr/,https://mest.snu.ac.kr/alumni/,alumni,67,2026-10-08,2
P0745,https://cbe.snu.ac.kr/cbe/pgm/professorMng/list.do?menuNo=300015&profCate=66,,lab_site,0,2026-10-08,2
P0746,,,no_lab_site,0,2026-10-08,2
P0747,https://cbe.snu.ac.kr/cbe/pgm/professorMng/list.do?menuNo=300015&profCate=66,,lab_site,0,2026-10-08,2
P0748,,,no_lab_site,0,2026-10-08,2
P0749,http://biosci.snu.ac.kr/kanglab/aboutus,http://biosci.snu.ac.kr/kanglab/people/former,alumni,9,2026-10-08,2
P0750,http://biosci.snu.ac.kr,http://biosci.snu.ac.kr/about/alumni,shared_page,6,2026-10-08,2
P0751,http://biosci.snu.ac.kr,http://biosci.snu.ac.kr/about/alumni,shared_page,6,2026-10-08,2
P0752,https://narrykim.org/,https://narrykim.org/en/members/,alumni,18,2026-10-08,2
P0753,http://biosci.snu.ac.kr,http://biosci.snu.ac.kr/about/alumni,shared_page,6,2026-10-08,2
P0754,http://biosci.snu.ac.kr,http://biosci.snu.ac.kr/about/alumni,shared_page,6,2026-10-08,2
P0755,https://www.mrmlab.org/members,https://www.mrmlab.org/members,alumni,7,2026-10-08,2
P0756,http://biosci.snu.ac.kr/joykim/en,http://biosci.snu.ac.kr/joykim/en/people/former,alumni,16,2026-10-08,2
P0757,https://cocila.net/centeruniv/,https://cocila.net/people-2/alumni-2/,alumni,5,2026-10-08,2
P0758,,,no_lab_site,0,2026-10-08,2
P0759,http://biosci.snu.ac.kr/ysnoh/board/lab,http://biosci.snu.ac.kr/ysnoh/people/former,alumni,27,2026-10-08,2
P0760,http://www.karkilab.com/bbs/board.php?bo_table=sub4_1,,lab_site,0,2026-10-08,2
P0761,https://steineggerlab.com/en,,lab_site,0,2026-10-08,2
P0762,https://parklab-snu.github.io/research/,,lab_site,0,2026-10-08,2
P0763,http://biosci.snu.ac.kr,http://biosci.snu.ac.kr/about/alumni,shared_page,6,2026-10-08,2
P0764,http://biosci.snu.ac.kr,http://biosci.snu.ac.kr/about/alumni,shared_page,6,2026-10-08,2
P0765,http://biosci.snu.ac.kr,http://biosci.snu.ac.kr/about/alumni,shared_page,6,2026-10-08,2
