professor_id,name_ko,source
P1067,황두형,faculty list (same organisation)
P1068,이영숙,faculty list (same organisation)
P1166,류형원,OpenAlex alternative name
P2034,김영동,OpenAlex alternative name
P1866,이승용,OpenAlex alternative name
P2012,강영희,OpenAlex alternative name
P2484,이동선,OpenAlex alternative name
P2240,오훈규,OpenAlex alternative name
P1822,박황서,OpenAlex alternative name
P1630,양시연,OpenAlex alternative name
P2015,강일준,OpenAlex alternative name
P2540,임근배,OpenAlex alternative name
P2100,홍금식,OpenAlex alternative name
P2280,최성우,OpenAlex alternative name
P2026,김진숙,OpenAlex alternative name
P2214,한지민,OpenAlex alternative name
P2278,소연류,OpenAlex alternative name
P2309,최두복,OpenAlex alternative name
P2190,김봉준,OpenAlex alternative name
P2673,최미경,OpenAlex alternative name
P2031,김예림,OpenAlex alternative name
P1490,김상숙,OpenAlex alternative name
P2504,김진우,OpenAlex alternative name
P1352,백영화,OpenAlex alternative name
P1307,하창만,OpenAlex alternative name
P1415,김길남,OpenAlex alternative name
P1751,김동현,OpenAlex alternative name
P2485,김정식,OpenAlex alternative name
P1425,박진용,OpenAlex alternative name
P1991,이하늘,OpenAlex alternative name
P1474,김범근,OpenAlex alternative name
P2106,김승호,OpenAlex alternative name
P1370,육흥주,OpenAlex alternative name
P2541,황인환,OpenAlex alternative name
P2716,박종관,OpenAlex alternative name
P2529,류성호,OpenAlex alternative name
P2127,조우현,OpenAlex alternative name
P2434,진상근,OpenAlex alternative name
P1635,이승숙,OpenAlex alternative name
P1593,이준우,OpenAlex alternative name
P2105,이재원,OpenAlex alternative name
P1120,김세훈,OpenAlex alternative name
P2444,현영김,OpenAlex alternative name
P1990,이동훈,OpenAlex alternative name
P1794,김혜영,OpenAlex alternative name
P1825,김지영,OpenAlex alternative name
P2599,이수진,OpenAlex alternative name
P2600,김태영,OpenAlex alternative name
P1459,김현정,OpenAlex alternative name
P2455,지현김,OpenAlex alternative name
P1506,이장호,OpenAlex alternative name
P1382,김형민,OpenAlex alternative name
P2290,박종,OpenAlex alternative name
P1696,김대진,OpenAlex alternative name
P1911,김현숙,OpenAlex alternative name
P2536,김수정,OpenAlex alternative name
P2162,이상준,OpenAlex alternative name
P2286,김상훈,OpenAlex alternative name
P1337,김영수,OpenAlex alternative name
P1185,김보라,OpenAlex alternative name
P1342,박지은,OpenAlex alternative name
P2297,김도경,OpenAlex alternative name
P1472,이창호,OpenAlex alternative name
P1217,김훈,OpenAlex alternative name
P1146,김진석,OpenAlex alternative name
P1584,김수지,OpenAlex alternative name
P1978,김상효,OpenAlex alternative name
P2281,이숙영,OpenAlex alternative name
P2468,전유진,OpenAlex alternative name
P1231,김영숙,OpenAlex alternative name
P1455,김혜란,OpenAlex alternative name
P1706,임세미,OpenAlex alternative name
P1152,이대희,OpenAlex alternative name
P2060,이혜란,OpenAlex alternative name
P1493,박미리,OpenAlex alternative name
P1398,함온주,OpenAlex alternative name
P1219,박철민,ORCID record
P1251,박현진,ORCID record
P1287,홍성호,ORCID record
P1340,김애란,ORCID record
