professor_a_id,a_name,professor_b_id,b_name,relationship_type,evidence_papers,b_first_year,years,b_institution,example_title,evidence_url,status
P0212,오경수,P0207,김훈영,postdoc_mentor,20,2005,2011-2016,Indiana University – Purdue University Indianapolis,Highly Diastereo- and Enantioselective Aldol Reaction of Methyl α-Isocyanoacetate: A Cooperative Catalysis Approach,https://doi.org/10.1021/ol103104y,auto
P0007,김병수,P1480,Sun‐Woong Kang,advisor_student,15,2005,2005-2009,Hanyang University,Poly(lactic-co-glycolic acid) Microspheres as an Injectable Scaffold for Cartilage Tissue Engineering,https://doi.org/10.1089/ten.2005.11.438,auto
P0007,김병수,P1307,Seung‐Woo Cho,advisor_student,14,2003,2003-2008,Seoul National University; Hanyang University,Smooth muscle-like tissues engineered with bone marrow stromal cells,https://doi.org/10.1016/j.biomaterials.2003.09.068,auto
P0013,이제중,P0020,정성훈,advisor_student,14,2010,2012-2015,Chonnam National University Hwasun Hospital,Lymphocytopenia Is Associated with an Increased Risk of Severe Infections in Patients with Multiple Myeloma Treated with Bortezomib-Based Regimens,https://doi.org/10.1182/blood.v120.21.5042.5042,auto
P0587,모지훈,P0636,유신혁,postdoc_mentor,12,2015,2021-2026,Dankook University Hospital; Dankook University,Understanding the Patterns and Clustering of Inhalant Allergic Sensitization,https://doi.org/10.21053/ceo.2021.00073,auto
P0097,정성훈,P0972,김남아,advisor_student,11,2012,2012-2017,Pusan National University,Optimization of protein solution by a novel experimental design method using thermodynamic properties,https://doi.org/10.1007/s12272-012-0912-2,auto
P0746,현택환,P1019,박종남,advisor_student,11,2002,2004-2007,Seoul National University,Ultra-large-scale syntheses of monodisperse nanocrystals,https://doi.org/10.1038/nmat1251,auto
P0194,정기홍,P0181,홍우종,advisor_student,10,2017,2017-2022,Kyung Hee University,Genome-wide identification and extensive analysis of rice-endosperm preferred genes using reference expression database,https://doi.org/10.1007/s12374-016-0552-z,auto
P1790,Haeng Ran Seo,P1793,Yeonhwa Song,advisor_student,10,2016,2016-2021,Institut Pasteur Korea; Korea University,Activated hepatic stellate cells play pivotal roles in hepatocellular carcinoma cell chemoresistance and migration in multicellular tumor spheroids,https://doi.org/10.1038/srep36750,auto
P1652,Shoichiro Tsugane,P1663,Norie Sawada,advisor_student,9,2009,2009-2014,National Cancer Centre Japan,Plasma Organochlorines and Subsequent Risk of Prostate Cancer in Japanese Men: A Nested Case–Control Study,https://doi.org/10.1289/ehp.0901214,auto
P1548,Seung Il Kim,P1561,Sang-Yeop Lee,postdoc_mentor,9,2010,2016-2021,Korea Basic Science Institute,Proteogenomic Characterization of Monocyclic Aromatic Hydrocarbon Degradation Pathways in the Aniline-Degrading Bacterium Burkholderia sp. K24,https://doi.org/10.1371/journal.pone.0154233,auto
P1418,Jin Yeul,P1447,Youn‐Hwan Hwang,postdoc_mentor,9,2006,2012-2017,Korea Institute of Oriental Medicine,Effects of Berberine and Hwangryunhaedok-Tang on Oral Bioavailability and Pharmacokinetics of Ciprofloxacin in Rats,https://doi.org/10.1155/2012/673132,auto
P1273,Byung Ho Lee,P1278,Kwang‐Seok Oh,postdoc_mentor,8,2002,2008-2013,Korea Research Institute of Chemical Technology,"A Novel and Orally Active Poly(ADP-Ribose) Polymerase Inhibitor, KR-33889 [2-[Methoxycarbonyl(4-methoxyphenyl) methylsulfanyl]-1 H-benzimidazole-4-carboxylic Acid Amide], Attenuates Injury in in Vitro",https://doi.org/10.1124/jpet.108.143719,auto
P0038,박형근,P0716,홍석창,advisor_student,8,2011,2011-2015,Seoul National University,"Highly Enantioselective Synthesis of α,α-Dialkylmalonates by Phase-Transfer Catalytic Desymmetrization",https://doi.org/10.1021/ja110349a,auto
P0691,김상희,P0035,권용석,advisor_student,8,2011,2011-2015,Seoul National University,Simple Determination of Double‐Bond Positions in Long‐Chain Olefins by Cross‐Metathesis,https://doi.org/10.1002/anie.201102634,auto
P1651,Seong‐Il Lim,P1598,Young‐Do Nam,advisor_student,8,2007,2011-2012,Korea Research Institute of Bioscience and Biotechnology,"Bacterial Diversity of Cheonggukjang, a Korean Traditional Fermented Food, Analyzed by Barcoded Pyrosequencing",,auto
P0212,오경수,P0207,김훈영,advisor_student,8,2005,2009-2010,Indiana University – Purdue University Indianapolis,"Reversal of Enantioselectivity between the Copper(I)‐ and Silver(I)‐Catalyzed 1,3‐Dipolar Cycloaddition Reactions Using a Brucine‐Derived Amino Alcohol Ligand",https://doi.org/10.1002/anie.200903479,auto
P0379,송태진,P0416,장윤경,advisor_student,8,2014,2014-2019,Ewha Womans University,Levator Palpebrae and Inferior Rectus Palsy From Thalamo-Mesencephalic Infarction,,auto
P1684,Jeongseon Kim,P1755,Hae Dong Woo,postdoc_mentor,8,2007,2013-2015,National Cancer Center,Dietary Flavonoid Intake and Smoking-Related Cancer Risk: A Meta-Analysis,https://doi.org/10.1371/journal.pone.0075604,auto
P1714,Hyun‐Young Park,P1766,Sihan Song,postdoc_mentor,8,2015,2022-2025,Korea National Institute of Health,Factors associated with regularity and length of menstrual cycle: Korea Nurses’ Health Study,https://doi.org/10.1186/s12905-022-01947-z,auto
P1179,Sei‐Ryang Oh,P1209,Hyung Won Ryu,postdoc_mentor,7,2009,2015-2019,Korea Research Institute of Bioscience and Biotechnology,Suffruticosol A isolated from Paeonia lactiflora seedcases attenuates airway inflammation in mice induced by cigarette smoke and LPS exposure,https://doi.org/10.1016/j.jff.2015.06.036,auto
P1358,Ji Young Mun,P1385,Minkyo Jung,advisor_student,7,2019,2019-2024,Korea Brain Research Institute,The autophagy research in electron microscopy,https://doi.org/10.1186/s42649-019-0012-6,auto
P0791,최석우,P1015,홍인기,advisor_student,7,2009,2009-2013,Seoul National University,Extinction of cued fear memory involves a distinct form of depotentiation at cortical input synapses onto the lateral amygdala,https://doi.org/10.1111/j.1460-9568.2009.07004.x,auto
P0968,심정현,P1516,Ha‐Na Oh,advisor_student,7,2016,2016-2020,Mokpo National University,Licochalcone B induces apoptosis of human oral squamous cell carcinoma through the extrinsic- and intrinsic-signaling pathways,https://doi.org/10.3892/ijo.2016.3365,auto
P1597,Tae Youl Ha,P1614,Chang Hwa Jung,postdoc_mentor,7,2006,2012-2014,Korea Food Research Institute,Quercetin Reduces High‐Fat Diet‐Induced Fat Accumulation in the Liver by Regulating Lipid Metabolism Genes,https://doi.org/10.1002/ptr.4687,auto
P1597,Tae Youl Ha,P1632,Min Young Um,advisor_student,7,2004,2004-2009,Korea Food Research Institute,Effect of Defatted Sesame and Perilla Methanol Extracts on Cognitive Function and Antioxidant Activity in SAMP8 Mice,,auto
P0700,오동찬,P0295,엄수현,advisor_student,6,2013,2013-2016,Seoul National University,Ohmyungsamycins A and B: Cytotoxic and Antimicrobial Cyclic Peptides Produced by Streptomyces sp. from a Volcanic Island,https://doi.org/10.1021/jo401974g,auto
P1414,Seong‐Gyu Ko,P1614,Chang Hwa Jung,advisor_student,6,2006,2006-2011,Kyung Hee University,Phenolic-rich fraction from Rhus verniciflua Stokes (RVS) suppress inflammatory response via NF-κB and JNK pathway in lipopolysaccharide-induced RAW 264.7 macrophages,https://doi.org/10.1016/j.jep.2006.10.013,auto
P1536,Geum‐Sook Hwang,P1466,Jeeyoun Jung,advisor_student,6,2008,2010-2013,Korea Basic Science Institute; Wonkwang University,1H NMR-based metabolic profiling of naproxen-induced toxicity in rats,https://doi.org/10.1016/j.toxlet.2010.09.020,auto
P1202,Sang Ho Choi,P0928,김병식,advisor_student,5,2008,2008-2012,Seoul National University,"Structural and Functional Analysis of the Vibrio vulnificus SmcR, a Quorum Sensing Regulator",,auto
P1299,Changjoon Justin Lee,P0096,전희정,advisor_student,5,2017,2017-2021,Korea Institute of Science and Technology,Reactive astrocytes in Alzheimer’s disease: A double-edged sword,https://doi.org/10.1016/j.neures.2017.11.012,auto
P1536,Geum‐Sook Hwang,P1584,Youngae Jung,advisor_student,5,2010,2010-2015,Korea Basic Science Institute,Discrimination of the Geographical Origin of Beef by 1H NMR-Based Metabolomics,https://doi.org/10.1021/jf102194t,auto
P0774,윤태영,P1024,민두영,advisor_student,5,2012,2012-2016,Korea Advanced Institute of Science and Technology,Observation of Two-Step Unzipping of a Single SNARE Complex by using Nano-Mechanical Measurement,https://doi.org/10.1016/j.bpj.2011.11.3649,auto
P1608,Hee‐Do Hong,P1626,Chang‐Won Cho,postdoc_mentor,5,2003,2013-2014,Korea Food Research Institute,Characteristic study on the chemical components of Korean curved ginseng products,https://doi.org/10.5142/jgr.2013.37.349,auto
P0281,최윤상,P1091,용해인,postdoc_mentor,5,2013,2020-2023,Korea Food Research Institute,Clean Label Meat Technology: Pre-Converted Nitrite as a Natural Curing,https://doi.org/10.5851/kosfa.2020.e96,auto
P1479,Kyuhong Lee,P1523,Dong Im Kim,postdoc_mentor,5,2011,2019-2021,Korea Institute of Toxicology,Comparison of asthma phenotypes in OVA-induced mice challenged via inhaled and intranasal routes,https://doi.org/10.1186/s12890-019-1001-9,auto
P0718,김대형,P1332,Donghee Son,advisor_student,5,2011,2014-2016,Seoul National University; Institute for Basic Science,Multifunctional wearable devices for diagnosis and therapy of movement disorders,https://doi.org/10.1038/nnano.2014.38,auto
P1720,Young Jin Kim,P1767,Hye-Mi Jang,advisor_student,5,2020,2020-2025,Korea National Institute of Health,A GENOME-WIDE ASSOCIATION STUDY IDENTIFIED GENETIC LOCI FOR END-STAGE RENAL DISEASE IN THE KOREAN POPULATION,https://doi.org/10.1097/01.tp.0000699376.14051.df,auto
P1412,Myeong Soo Lee,P1429,Tae‐Young Choi,advisor_student,5,2011,2012-2016,Korea Institute of Oriental Medicine,Moxibustion for the treatment of osteoarthritis: a systematic review and meta-analysis,https://doi.org/10.1007/s00296-012-2367-7,auto
P1548,Seung Il Kim,P1578,Sung Ho Yun,advisor_student,5,2014,2014-2018,Korea Basic Science Institute,"Proteomic Characterization of Plasmid pLA1 for Biodegradation of Polycyclic Aromatic Hydrocarbons in the Marine Bacterium, Novosphingobium pentaromativorans US6-1",https://doi.org/10.1371/journal.pone.0090812,auto
P0751,공영윤,P1337,Bon‐Kyoung Koo,advisor_student,4,2005,2005-2009,Pohang University of Science and Technology,Mind bomb 1 is essential for generating functional Notch ligands to activate Notch,https://doi.org/10.1242/dev.01922,auto
P1179,Sei‐Ryang Oh,P0055,진영원,postdoc_mentor,4,2003,2010-2011,Dongguk University,Bisamides from the Twigs of Aglaia perviridis Collected in Vietnam,https://doi.org/10.5012/bkcs.2010.31.9.2665,auto
P0007,김병수,P0246,윤정기,advisor_student,4,2012,2012-2017,Seoul National University,The Use of Graphene for Regenerative Medicine,https://doi.org/10.7841/ksbbj.2012.27.5.273,auto
P1010,전상용,P1752,Sunghyun Kim,advisor_student,4,2009,2009-2014,Gwangju Institute of Science and Technology,Bioinspired Colorimetric Detection of Calcium(II) Ions in Serum Using Calsequestrin‐Functionalized Gold Nanoparticles,https://doi.org/10.1002/anie.200900071,auto
P0440,최유원,P0376,변지연,advisor_student,4,2006,2006-2011,Ewha Womans University,A case of zosteriform lichen planus,,auto
P0550,김인호,P0558,조성보,advisor_student,4,2019,2023-2024,Dankook University,"Marine-derived Ca-Mg complex influences lipid and glucose metabolism, serum metabolites, colostrum profile, and stress hormone in sows over four-parity periods",https://doi.org/10.5187/jast.2023.e116,auto
P1187,Yong‐Min Huh,P1215,Eun‐Kyung Lim,advisor_student,4,2008,2011-2013,Yonsei University,Design and Synthesis of Biofunctionalized Metallic/Magnetic Nanomaterials,https://doi.org/10.1007/978-1-61779-151-2_36,auto
P1233,Jong‐San Chang,P1239,Young Kyu Hwang,postdoc_mentor,4,2000,2006-2008,Korea Research Institute of Chemical Technology,Microwave Synthesis of Metallosilicate Zeolites with Fibrous Morphology,https://doi.org/10.1166/jnn.2006.236,auto
P1412,Myeong Soo Lee,P1466,Jeeyoun Jung,postdoc_mentor,4,2008,2014-2018,Korea Institute of Oriental Medicine,Standardization and future directions in pattern identification research: International brainstorming session,https://doi.org/10.1007/s11655-014-1989-x,auto
P0185,백무열,P0184,김현석,advisor_student,4,2006,2010-2011,Purdue University West Lafayette,Characterization of Acetylated Corn Starch Prepared under Ultrahigh Pressure (UHP),https://doi.org/10.1021/jf903939y,auto
P1180,Younghoon Lee,P1717,Hana Kim,advisor_student,4,2000,2000-2002,Gachon University Gil Medical Center,Characterization of a cDNA encoding a poly(A) polymerase predominantly expressed in testis,,auto
P0205,김은영,P1054,이희영,postdoc_mentor,4,2011,2017-2021,Chung-Ang University,DOSAGE AND DURATION OF ETANERCEPT THERAPY FOR ANKYLOSING SPONDYLITIS: A META-ANALYSIS,https://doi.org/10.1017/s0266462317000150,auto
P1652,Shoichiro Tsugane,P1690,Taichi Shimazu,postdoc_mentor,3,2005,2011-2015,National Cancer Centre Japan,Plasma Isoflavones and the Risk of Lung Cancer in Women: A Nested Case–Control Study in Japan,https://doi.org/10.1158/1055-9965.epi-10-1025,auto
P1732,Bong-Jo Kim,P1745,Min Jin Go,advisor_student,3,2012,2014-2014,Korea National Institute of Health,A genome-wide association study identifies a LEPR gene as a novel predisposing factor for childhood fasting plasma glucose,https://doi.org/10.1016/j.ygeno.2014.09.001,auto
P1728,Seung Hyun Kim,P1551,SeonJu Park,advisor_student,3,2014,2015-2018,Yonsei University,Isolation of two new bioactive sesquiterpene lactone glycosides from the roots of Ixeris dentata,https://doi.org/10.1016/j.bmcl.2015.08.061,auto
P1202,Sang Ho Choi,P1257,Jeong Hyun Lee,advisor_student,3,2001,2001-2006,Pusan National University,Structural and Regulatory Characteristics of the putAP Operon Encoding Proline Dehydrogenase and Proline Permease of Vibrio vulnificus,,auto
P0691,김상희,P0091,박수준,advisor_student,3,2022,2022-2023,Seoul National University,Evolution of a Strategy for Concise Enantioselective Total Synthesis of the Salinosporamide Family of Natural Products,https://doi.org/10.1002/anie.202210317,auto
P0095,장민정,P0963,이선민,postdoc_mentor,3,2014,2021-2024,Inha University Hospital,Effect of Pharmacist Intervention on 30-Adverse Drug Event after Discharge in Elderly Patients through a Comprehensive Medication Reconciliation: A Randomized Clinical Trial,https://doi.org/10.21203/rs.3.rs-1092054/v1,auto
P0602,이상구,P0642,정인호,advisor_student,3,2018,2018-2023,Dankook University Hospital; Dankook University,Analysis According to Characteristics of 18 Cases of Brachial Plexus Tumors : A Review of Surgical Treatment Experience,https://doi.org/10.3340/jkns.2018.0045,auto
P1548,Seung Il Kim,P1561,Sang-Yeop Lee,advisor_student,3,2010,2014-2014,Korea Basic Science Institute,Proteogenomic characterization of antimicrobial resistance in extensively drug-resistant Acinetobacter baumannii DU202,https://doi.org/10.1093/jac/dku008,auto
P1318,Seong‐Gi Kim,P1398,Won Beom Jung,postdoc_mentor,3,2011,2021-2022,Institute for Basic Science,Early fMRI responses to somatosensory and optogenetic stimulation reflect neural information flow,https://doi.org/10.1073/pnas.2023265118,auto
P0590,박병철,P0644,최미수,advisor_student,3,2017,2018-2022,Dankook University Hospital; Dankook University,Treatment of Hair Loss in the Trichorhinophalangeal Syndrome,https://doi.org/10.5021/ad.2018.30.3.382,auto
P1598,Young‐Do Nam,P1625,Eun‐Ji Song,advisor_student,3,2014,2014-2018,Korea Food Research Institute,"Bizionia psychrotolerans sp. nov., a psychrophilic bacterium isolated from the intestine of a sea cucumber (Apostichopus japonicus)",https://doi.org/10.1007/s10482-014-0253-x,auto
P1295,Sungwoo Hong,P1229,Soyoung Lee,postdoc_mentor,3,2006,2014-2015,Korea Advanced Institute of Science and Technology; Institute for Basic Science,Development and Biological Evaluation of Potent and Selective c-KIT D816V Inhibitors,https://doi.org/10.1021/jm500413g,auto
P1554,E. K. RYU,P1735,Sung Min Kim,postdoc_mentor,3,2004,2012-2014,Korea Basic Science Institute,In vivo tumor imaging using polo-box domain of polo-like kinase 1 targeted peptide,https://doi.org/10.1016/j.biomaterials.2012.06.046,auto
P1421,Sun‐Mi Choi,P1443,Ae‐Ran Kim,postdoc_mentor,3,2001,2010-2012,Korea Institute of Oriental Medicine,Acupuncture Treatment of a Patient with Persistent Allergic Rhinitis Complicated by Rhinosinusitis and Asthma,https://doi.org/10.1093/ecam/nep240,auto
P1126,Young‐Il Kim,P0609,조성호,advisor_student,3,2005,2005-2005,Samsung Medical Center,Central Bisectionectomy with Caudate Lobectomy for Hilar Cholangiocarcinoma,,auto
P0532,이수주,P0535,김재국,advisor_student,3,2011,2012-2016,"Daejeon Eulji Medical Center, Eulji University",Stroke Update: Risk Factors and Primary Prevention of Stroke,https://doi.org/10.5853/kjs.2012.14.1.12,auto
P0597,신정은,P0620,남광우,advisor_student,3,2015,2017-2020,Dankook University Hospital,Acute gastric dilatation and ischemia associated with portal vein gas caused by binge eating,https://doi.org/10.3904/kjim.2017.050,auto
P1416,Chang‐Seob Seo,P1417,Hyeun‐Kyoo Shin,advisor_student,3,2011,2015-2015,Korea Institute of Oriental Medicine,Simultaneous determination of three sesquiterpene lactones in Aucklandia lappa Decne by high performance liquid chromatography,https://doi.org/10.4103/0973-1296.160471,auto
P1233,Jong‐San Chang,P1268,Ji Woong Yoon,advisor_student,3,2005,2007-2009,Korea Research Institute of Chemical Technology,Isobutene Trimerization over FeCl3-modified HY Zeolites: Effect of Lewis Acid Sites,https://doi.org/10.1246/cl.2007.1504,auto
P0791,최석우,P1365,Jeongyeon Kim,advisor_student,3,2002,2007-2007,Seoul National University,Amygdala depotentiation and fear extinction,https://doi.org/10.1073/pnas.0710548105,auto
P0542,한규동,P0547,문세영,advisor_student,3,2011,2011-2014,Dankook University,"The 5""UTR Analysis of Human-Specific LINE-1",,auto
P1386,Jong Hyuk Yoon,P1411,Seulah Lee,postdoc_mentor,3,2018,2024-2026,Korea Brain Research Institute,Multi‐proteomic analyses of 5xFAD mice reveal new molecular signatures of early‐stage Alzheimer's disease,https://doi.org/10.1111/acel.14137,auto
P1684,Jeongseon Kim,P1755,Hae Dong Woo,advisor_student,3,2007,2011-2012,National Cancer Center,Nutritional epidemiology of cancer in Korea: recent accomplishments and future directions.,,auto
P1355,Pann‐Ghill Suh,P1059,윤상억,advisor_student,3,2007,2007-2009,Pohang University of Science and Technology,Siah Proteins Induce the Epidermal Growth Factor-dependent Degradation of Phospholipase Cϵ,https://doi.org/10.1074/jbc.m705874200,auto
P1627,In‐Wook Choi,P1612,Ho‐Young Park,postdoc_mentor,3,2002,2011-2013,Korea Food Research Institute,Effect of oral administration of water-soluble extract from citrus peel (Citrus unshiu) on suppressing alcohol-induced fatty liver in rats,https://doi.org/10.1016/j.foodchem.2011.07.081,auto
P1644,Sang Sook Kim,P1607,Han Sub Kwak,advisor_student,3,2012,2016-2017,Dankook University,"Effect of Different Age Groups in Blind and Informed Consumer Acceptance Test for Korean Traditional Soy Bean Paste, Doenjang",,auto
P1652,Shoichiro Tsugane,P1690,Taichi Shimazu,advisor_student,2,2005,2008-2010,Tohoku University; National Cancer Centre Japan,Alcohol Drinking and Gastric Cancer Risk: An Evaluation Based on a Systematic Review of Epidemiologic Evidence among the Japanese Population,https://doi.org/10.1093/jjco/hym152,review
P1302,Bong‐Kiun Kaang,P1368,Hyungju Park,postdoc_mentor,2,1997,2005-2008,Seoul National University,AnAplysiaType 4 Phosphodiesterase Homolog Localizes at the Presynaptic Terminals ofAplysiaNeuron and Regulates Synaptic Facilitation,https://doi.org/10.1523/jneurosci.1989-05.2005,review
P1027,박현성,P1593,Eunjung Lee,advisor_student,2,2002,2002-2002,Seoul National University,Two transactivation domains of hypoxia-inducible factor-1alpha regulated by the MEK-1/p42/p44 MAPK pathway.,,review
P1273,Byung Ho Lee,P1278,Kwang‐Seok Oh,advisor_student,2,2002,2007-2007,Korea Research Institute of Chemical Technology,The Effects of Chronic Treatment with Morus bombycis KOIDZUMI in Spontaneously Hypertensive Rats,https://doi.org/10.1248/bpb.30.1278,review
P1296,Gou Young Koh,P0078,정기훈,advisor_student,2,2009,2009-2011,Korea Advanced Institute of Science and Technology,"Toll-Like Receptor 4 Decoy, TOY, Attenuates Gram-Negative Bacterial Sepsis",https://doi.org/10.1371/journal.pone.0007403,review
P0711,이호영,P0221,조재범,advisor_student,2,2017,2017-2021,Seoul National University,Abstract 4780: Crucial role of S100A14 in blocking cancer stem cells and sensitizing to chemotherapy through STAT3 destabilization in human colorectal cancer,https://doi.org/10.1158/1538-7445.am2017-4780,review
P1069,김영수,P0249,손아름,advisor_student,2,2017,2017-2018,Seoul National University,A quantitative analytical method for PIVKA-II using multiple reaction monitoring-mass spectrometry for early diagnosis of hepatocellular carcinoma,https://doi.org/10.1007/s00216-017-0227-8,review
P0878,이인석,P0485,황소현,postdoc_mentor,2,2003,2011-2014,Yonsei University,Systematic prediction of gene function in Arabidopsis thaliana using a probabilistic functional gene network,https://doi.org/10.1038/nprot.2011.372,review
P1418,Jin Yeul,P1276,Ji‐Seon Lee,postdoc_mentor,2,2004,2011-2011,Sogang University,Acute Toxicity Study on Socheongryong-Tang and Fermented Socheongryong-Tang extracts in Mice,https://doi.org/10.6116/kjh.2011.26.4.101,review
P1715,Sun‐Hee Kim,P1702,Sun‐Young Kong,advisor_student,2,2004,2004-2004,Samsung Medical Center; National Cancer Center; National Cancer Center Hospital; Sungkyunkwan University,A novel complex t(2;5;13)(p23;q35;q14) in small cell variant type anaplastic large cell lymphoma with peripheral involvement,https://doi.org/10.1016/j.cancergencyto.2004.03.004,review
P0925,송재진,P0464,강수진,postdoc_mentor,2,2005,2014-2015,Yonsei University; Yonsei University Health System,Establishment of a mouse melanoma model system for the efficient infection and replication of human adenovirus type 5-based oncolytic virus,https://doi.org/10.1016/j.bbrc.2014.09.107,review
P1575,Hee‐Seok Kweon,P1583,Sangmi Jun,postdoc_mentor,2,2006,2012-2012,University of Pittsburgh,Significant strategies for the successful performance of cryo-electron tomography,https://doi.org/10.5355/jast.2012.202,review
P1214,Fumio Matsuzaki,P1410,Yoichi Kosodo,advisor_student,2,2004,2009-2009,Max Planck Institute of Molecular Cell Biology and Genetics,03-P061 Comprehensive analysis of the interkinetic nuclear migration in developing mouse brain,https://doi.org/10.1016/j.mod.2009.06.114,review
P1692,Byung‐Joo Park,P0219,정선영,postdoc_mentor,2,2004,2014-2015,Korea Institute of Drug Safety and Risk Management,Use of big data for drug safety monitoring and decision making,https://doi.org/10.5124/jkma.2014.57.5.391,review
P0034,권성원,P0032,강윤표,advisor_student,2,2013,2013-2014,Seoul National University,"Development of high performance liquid chromatography‐ultraviolet detection method for screening mebendazole, clorsulon, diaveridine, and tolfenamic acid in animal‐based food samples",https://doi.org/10.1002/dta.1467,review
P0077,전주홍,P1645,Sanghoon Lee,advisor_student,2,2012,2013-2016,University of Utah,Icilin inhibits E2F1-mediated cell cycle regulatory programs in prostate cancer,https://doi.org/10.1016/j.bbrc.2013.11.015,review
P1180,Younghoon Lee,P1267,Meehyein Kim,advisor_student,2,1995,1995-2000,Korea Advanced Institute of Science and Technology,In Vitro Selection of DNA Aptamers Binding to the Recombinant Human Interleukin-6,https://doi.org/10.1016/s1016-8478(23)17366-3,review
P1140,Sang Yoon Kim,P0636,유신혁,advisor_student,2,2015,2015-2016,Asan Medical Center; University of Ulsan,Patterns and treatment of neck metastases in patients with salivary gland cancers,https://doi.org/10.1002/jso.23914,review
P0449,허정원,P0427,정태동,postdoc_mentor,2,2011,2018-2019,Ewha Womans University,Significant allelic dropout phenomenon of Oncomine BRCA Research Assay on Ion Torrent S5,https://doi.org/10.1515/cclm-2018-0674,review
P0043,오정미,P0494,최보윤,advisor_student,2,2012,2012-2015,Seoul National University,A Meta-Analysis of the Effects of Interleukin-6 −174 G>C Genetic Polymorphism on Acute Graft-Versus-Host Disease Susceptibility,https://doi.org/10.1016/j.clinthera.2012.01.010,review
P0340,김원중,P0437,채지선,advisor_student,2,2018,2023-2023,Ewha Womans University; Ewha Womans University Seoul Hospital,The Effect of Super-Repressor IkB-Loaded Exosomes (Exo-srIκBs) in Chronic Post-Ischemia Pain (CPIP) Models,https://doi.org/10.3390/pharmaceutics15020553,review
P1637,Hee‐Don Choi,P1639,Sang‐Hoon Lee,postdoc_mentor,2,2007,2013-2013,Korea Food Research Institute,Protective effect and mechanism of phosphatidylserine in UVB ‐induced human dermal fibroblasts,https://doi.org/10.1002/ejlt.201200086,review
P0399,윤수정,P0325,김건하,postdoc_mentor,2,2007,2015-2018,Ewha Womans University; Ewha Womans University Mokdong Hospital,The Role of Oxidative Stress in Neurodegenerative Diseases,https://doi.org/10.5607/en.2015.24.4.325,review
P0711,이호영,P1677,Ji‐Youn Han,postdoc_mentor,2,1998,2005-2005,The University of Texas MD Anderson Cancer Center,Hypoxia-inducible Factor 1α and Antiangiogenic Activity of Farnesyltransferase Inhibitor SCH66336 in Human Aerodigestive Tract Cancer,https://doi.org/10.1093/jnci/dji251,review
P1550,Kwan Soo Hong,P1479,Kyuhong Lee,advisor_student,2,2005,2008-2008,Korea Basic Science Institute,Magnetic resonance imaging of macrophage activity in atherosclerotic plaques of apolipoprotein E-deficient mice by using polyethylene glycolated magnetic fluorescent silica-coated nanoparticles,https://doi.org/10.1016/j.cap.2008.08.040,review
P0444,최희정,P0347,김충종,postdoc_mentor,2,2007,2018-2018,Ewha Womans University Mokdong Hospital,Impact of a change in duration of prophylactic antibiotics on infectious complications after radical cystectomy with a neobladder,https://doi.org/10.1097/md.0000000000013196,review
P1412,Myeong Soo Lee,P1417,Hyeun‐Kyoo Shin,advisor_student,2,2011,2013-2014,Korea Institute of Oriental Medicine,Usage patterns and adverse experiences in traditional Korean medicine: results of a survey in South Korea,https://doi.org/10.1186/1472-6882-13-340,review
P0977,김범석,P0995,노윤석,advisor_student,2,2011,2011-2013,Jeonbuk National University,"3,3′-Diindolylmethane induces immunotoxicity via splenocyte apoptosis in neonatal mice",https://doi.org/10.1016/j.toxlet.2011.07.021,review
P1222,Juyeon Jung,P1215,Eun‐Kyung Lim,postdoc_mentor,2,2008,2015-2016,Korea Research Institute of Bioscience and Biotechnology,"Simple, rapid detection of influenza A (H1N1) viruses using a highly sensitive peptide-based molecular beacon",https://doi.org/10.1039/c5cc05684e,review
P1298,Sung Hwa Jhung,P1268,Ji Woong Yoon,advisor_student,2,2005,2006-2006,Korea Research Institute of Chemical Technology,Trimerization of isobutene over cation exchange resins: Effect of physical properties of the resins and reaction conditions,https://doi.org/10.1016/j.molcata.2006.07.026,review
P1302,Bong‐Kiun Kaang,P1013,한진희,advisor_student,2,1999,1999-2004,Seoul National University,Expression of a non-inactivating K+ channel driven by a rat heat shock promoter increased the resting potential in Aplysia silent neurons,https://doi.org/10.1016/s0168-0102(99)00027-9,review
P1418,Jin Yeul,P1461,Won‐Kyung Cho,advisor_student,2,2012,2012-2015,Korea Institute of Oriental Medicine,Epimedium koreanumNakai Water Extract Exhibits Antiviral Activity against Porcine Epidermic Diarrhea VirusIn VitroandIn Vivo,https://doi.org/10.1155/2012/985151,review
P1202,Sang Ho Choi,P0065,방예지,advisor_student,2,2012,2012-2016,Seoul National University,Distinct Characteristics of Two 2-Cys Peroxiredoxins of Vibrio vulnificus Suggesting Differential Roles in Detoxifying Oxidative Stress,https://doi.org/10.1074/jbc.m112.421214,review
P1267,Meehyein Kim,P0334,김수인,advisor_student,2,2003,2007-2008,Yonsei University,Systemic and Specific Delivery of Small Interfering RNAs to the Liver Mediated by Apolipoprotein A-I,https://doi.org/10.1038/sj.mt.6300168,review
P1153,Hyewhon Rhim,P1030,황홍익,advisor_student,2,2016,2017-2019,Korea Institute of Science and Technology,Functional significance of O-GlcNAc modification in regulating neuronal properties,https://doi.org/10.1016/j.phrs.2017.12.006,review
P0786,정종경,P1388,Myung-Jin Kim,advisor_student,2,2003,2003-2006,Korea Advanced Institute of Science and Technology,MKP-3 Has Essential Roles as a Negative Regulator of the Ras/Mitogen-Activated Protein Kinase Pathway during Drosophila Development,https://doi.org/10.1128/mcb.24.2.573-583.2004,review
P0123,김상은,P0526,강서영,advisor_student,2,2015,2015-2015,Seoul National University Bundang Hospital,The preliminary study for evaluation of coronary flow reserve using count-based quantitative myocardial SPECT,,review
P1327,Charles D. Surh,P0883,홍성욱,advisor_student,2,2014,2014-2017,Pohang University of Science and Technology; Institute for Basic Science,Commensal microbiota and food antigens are important factors in the regulation of IgE production in mice (MUC4P.848),https://doi.org/10.4049/jimmunol.192.supp.133.24,review
P0691,김상희,P0970,백동재,advisor_student,2,2010,2010-2011,Seoul National University,Rational Design and Evaluation of a Branched‐Chain‐Containing Glycolipid Antigen That Binds to CD1d,https://doi.org/10.1002/asia.201000120,review
P0518,송대용,P0519,유홍일,postdoc_mentor,2,2011,2017-2017,Eulji University,Neuroanatomical distribution of galectin-3 in the adult rat brain,https://doi.org/10.1007/s10735-017-9712-9,review
