professor_id,works,학,병,연,산,sectors
P0484,80,0.562,0.637,0.013,0.062,학;병
P0028,418,0.66,0.89,0.01,0.1,학;병
P0166,82,1.0,0.0,0.11,0.0,학
P1650,173,0.029,0.977,0.006,0.0,병
P1673,121,0.207,0.983,0.008,0.008,학;병
P1676,130,0.023,1.0,0.038,0.0,병
P1662,154,0.052,0.994,0.019,0.006,병
P1667,143,0.035,1.0,0.007,0.0,병
P1640,134,0.045,1.0,0.007,0.0,병
P0466,62,1.0,0.0,0.0,0.0,학
P0057,96,0.99,0.042,0.031,0.0,학
P0079,105,0.943,0.324,0.01,0.0,학;병
P0192,51,0.569,0.0,0.627,0.039,학;연
P1393,10,0.5,0.1,0.7,0.0,학;연
P1357,113,0.327,0.0,0.743,0.0,학;연
P1361,38,0.447,0.0,0.868,0.0,학;연
P1011,64,0.984,0.016,0.219,0.0,학;연
P0040,149,0.993,0.02,0.007,0.007,학
P1294,95,0.895,0.021,0.789,0.0,학;연
P1199,153,0.0,0.0,1.0,0.0,연
P1379,31,0.548,0.387,0.548,0.0,학;병;연
P0914,117,1.0,0.017,0.009,0.0,학
P0878,222,0.995,0.045,0.014,0.0,학
P1492,33,0.121,0.0,1.0,0.0,연
P1744,81,0.284,0.173,0.889,0.0,학;연
P1447,58,0.103,0.19,0.759,0.0,연
P0409,126,0.929,0.849,0.0,0.0,학;병
P1704,57,0.86,0.614,0.281,0.0,학;병;연
P0677,49,1.0,0.061,0.0,0.0,학
P1690,40,0.35,0.15,0.7,0.0,학;연
P1398,342,0.842,0.813,0.056,0.003,학;병
P1257,45,0.089,0.044,0.933,0.022,연
P1265,49,0.347,0.0,1.0,0.0,학;연
P1256,40,0.75,0.025,1.0,0.0,학;연
P0031,16,0.5,0.938,0.312,0.188,학;병;연
P1682,141,0.745,0.929,0.05,0.007,학;병
P0754,97,0.99,0.0,0.825,0.0,학;연
P1167,75,0.373,0.013,1.0,0.0,학;연
P1376,39,0.538,0.103,0.744,0.0,학;연
P1365,56,0.268,0.054,0.982,0.0,학;연
P1174,198,0.667,0.157,0.859,0.01,학;연
P0753,125,0.872,0.04,0.056,0.136,학
P1124,157,1.0,0.019,0.255,0.0,학;연
P1145,49,0.429,0.0,0.98,0.0,학;연
P1150,70,0.771,0.0,0.671,0.2,학;연;산
P1638,190,0.332,0.705,0.037,0.037,학;병
P1671,129,0.016,0.992,0.054,0.0,병
P1663,145,0.028,0.993,0.014,0.0,병
P1642,221,0.041,0.986,0.05,0.0,병
P1235,159,0.868,0.434,0.113,0.025,학;병
P0502,16,1.0,0.0,0.0,0.0,학
P0388,71,1.0,0.085,0.0,0.0,학
P1360,50,0.6,0.22,0.46,0.0,학;병;연
P1474,46,0.435,0.0,1.0,0.0,학;연
P1146,120,0.733,0.017,0.892,0.0,학;연
P1373,43,0.116,0.023,0.953,0.0,연
P1129,116,0.612,0.25,0.957,0.0,학;병;연
P1296,235,0.566,0.013,0.953,0.0,학;연
P0042,139,1.0,0.0,0.014,0.0,학
P0855,36,1.0,0.0,0.0,0.0,학
P0155,25,1.0,0.28,0.0,0.0,학;병
P1015,31,1.0,0.613,0.0,0.0,학;병
P1290,39,0.718,0.0,0.359,0.0,학;연
P0010,72,1.0,0.0,0.181,0.0,학
P1185,132,0.477,0.0,0.977,0.0,학;연
P0905,43,1.0,0.0,0.0,0.0,학
P1495,30,0.4,0.0,1.0,0.0,학;연
P0096,35,0.343,0.0,0.686,0.0,학;연
P1394,23,0.478,0.0,0.652,0.0,학;연
P0880,62,1.0,0.0,0.0,0.0,학
P1647,101,0.05,0.99,0.02,0.0,병
P1655,130,0.262,0.869,0.0,0.015,학;병
P0291,127,0.969,0.008,0.016,0.016,학
P1639,156,0.34,0.756,0.103,0.0,학;병
P1636,245,0.11,0.963,0.029,0.0,병
P1478,30,0.8,0.1,0.3,0.0,학;연
P0655,19,1.0,0.0,0.053,0.0,학
P0482,72,0.986,0.542,0.0,0.0,학;병
P1674,88,0.057,0.943,0.057,0.0,병
P1644,176,0.057,0.977,0.006,0.0,병
P1657,115,0.07,0.983,0.009,0.0,병
P1656,171,0.018,0.994,0.018,0.0,병
P1457,104,0.481,0.0,0.798,0.019,학;연
P0811,81,1.0,0.012,0.0,0.0,학
P0920,115,0.922,0.617,0.096,0.0,학;병
P0068,42,1.0,0.024,0.0,0.0,학
P0104,47,1.0,0.021,0.021,0.0,학
P1648,157,0.089,0.968,0.013,0.0,병
P1177,154,0.065,0.013,0.981,0.0,연
P0093,32,1.0,0.188,0.0,0.0,학
P0693,38,0.842,0.0,0.211,0.0,학;연
P0676,31,1.0,0.0,0.0,0.0,학
P0108,254,0.803,0.035,0.39,0.047,학;연
P1212,107,0.766,0.047,0.29,0.019,학;연
P1127,114,0.912,0.009,0.14,0.044,학
P0703,208,0.986,0.101,0.014,0.0,학
P1258,65,0.2,0.015,0.954,0.0,학;연
P1273,29,0.0,0.0,1.0,0.0,연
P1242,75,0.28,0.0,1.0,0.0,학;연
P0764,34,1.0,0.0,0.176,0.0,학
P1709,16,0.438,0.0,0.875,0.0,학;연
P1724,42,0.119,0.048,0.952,0.0,연
P0359,35,0.971,0.714,0.0,0.0,학;병
P0536,177,1.0,0.034,0.017,0.045,학
P1729,20,0.05,0.05,1.0,0.0,연
P0295,37,0.892,0.0,0.162,0.0,학
P0700,172,1.0,0.0,0.0,0.0,학
P0002,68,1.0,0.0,0.176,0.0,학
P0257,169,0.982,0.0,0.041,0.006,학
P0008,32,1.0,0.0,0.031,0.0,학
P1299,123,0.959,0.016,0.146,0.0,학
P1395,21,0.238,0.048,0.905,0.0,학;연
P1746,32,0.625,0.0,0.375,0.0,학;연
P0742,206,1.0,0.0,0.155,0.005,학
P0361,23,0.957,0.391,0.0,0.0,학;병
P1362,49,0.837,0.041,0.286,0.0,학;연
P1703,49,0.653,0.0,0.347,0.0,학;연
P1626,229,0.769,0.533,0.087,0.061,학;병
P1158,51,0.804,0.0,0.961,0.0,학;연
P1297,198,0.955,0.939,0.081,0.02,학;병
P1664,188,0.963,0.931,0.011,0.016,학;병
P0326,63,0.762,0.698,0.032,0.0,학;병
P1343,45,0.467,0.2,0.578,0.022,학;병;연
P1521,87,0.092,0.0,1.0,0.011,연
P0364,40,1.0,0.05,0.0,0.0,학
P1178,109,0.495,0.119,0.596,0.037,학;연
P0999,220,0.773,0.055,0.209,0.009,학;연
P0716,63,0.984,0.0,0.016,0.0,학
P0451,46,0.913,0.0,0.087,0.0,학
P0092,80,1.0,0.037,0.0,0.0,학
P0075,139,0.928,0.345,0.043,0.036,학;병
P0078,68,0.971,0.338,0.0,0.0,학;병
P0766,66,1.0,0.015,0.015,0.0,학
P1643,142,0.021,1.0,0.014,0.0,병
P0211,29,1.0,0.034,0.034,0.034,학
P1548,54,0.13,0.0,1.0,0.0,연
P0221,23,1.0,0.0,0.0,0.0,학
P0696,101,1.0,0.04,0.01,0.0,학
P1315,118,0.331,0.042,0.975,0.0,학;연
P0627,38,0.658,1.0,0.0,0.0,학;병
P0670,28,0.643,0.143,0.214,0.0,학;연
P0907,85,0.835,0.224,0.106,0.0,학;병
P0249,10,0.9,0.0,0.1,0.0,학
P1351,40,0.85,0.175,0.075,0.1,학
P1337,75,1.0,0.147,0.173,0.0,학
P1684,85,0.235,0.765,0.047,0.0,학;병
P1629,241,0.328,0.788,0.054,0.008,학;병
P0177,12,1.0,0.083,0.0,0.0,학
P0023,69,0.971,0.072,0.014,0.029,학
P0485,81,1.0,0.679,0.0,0.0,학;병
P1695,56,0.071,0.036,1.0,0.018,연
P1688,72,0.194,0.069,0.903,0.0,연
P1346,73,0.945,0.014,0.644,0.027,학;연
P0330,25,1.0,0.08,0.0,0.0,학
P0302,44,0.864,0.0,0.091,0.114,학
P0154,35,0.971,0.4,0.0,0.0,학;병
P0153,57,0.93,0.491,0.018,0.018,학;병
P1410,59,0.78,0.814,0.102,0.0,학;병
P1718,35,0.086,0.0,0.914,0.0,연
P1384,26,0.692,0.308,0.115,0.115,학;병
P1380,18,0.111,0.0,1.0,0.0,연
P1125,98,0.653,0.031,1.0,0.0,학;연
P1142,124,0.742,0.0,0.96,0.0,학;연
P1155,75,0.733,0.053,0.693,0.013,학;연
P1131,97,0.412,0.113,0.691,0.0,학;연
P1162,44,0.659,0.0,0.932,0.0,학;연
P1247,71,0.563,0.113,0.718,0.0,학;연
P1329,47,0.979,0.043,0.106,0.0,학
P1605,66,0.212,0.076,0.879,0.0,학;연
P0972,53,1.0,0.0,0.0,0.038,학
P0097,42,1.0,0.0,0.0,0.0,학
P1628,272,0.199,0.882,0.037,0.004,병
P0966,23,1.0,0.0,0.0,0.0,학
P1170,88,0.648,0.057,0.943,0.011,학;연
P0095,61,1.0,0.066,0.0,0.0,학
P0711,106,0.868,0.16,0.019,0.057,학
P1487,42,0.5,0.0,0.976,0.024,학;연
P0021,107,0.963,0.009,0.159,0.0,학
P0375,24,1.0,0.333,0.042,0.0,학;병
P1237,67,0.09,0.0,0.97,0.015,연
P1225,68,0.088,0.0,1.0,0.0,연
P1069,114,0.939,0.114,0.0,0.035,학
P0386,69,0.899,0.638,0.0,0.0,학;병
P1359,59,0.068,0.0,0.983,0.0,연
P1678,86,0.035,1.0,0.0,0.0,병
P1670,130,0.1,0.977,0.062,0.0,병
P1195,102,0.696,0.01,0.853,0.0,학;연
P0055,137,1.0,0.0,0.0,0.0,학
P0285,94,0.957,0.096,0.021,0.0,학
P0134,32,0.938,0.281,0.031,0.031,학;병
P0813,133,1.0,0.0,0.143,0.0,학
P1304,148,0.851,0.081,0.419,0.02,학;연
P1707,33,0.182,0.061,0.879,0.03,연
P1354,62,0.806,0.0,0.484,0.0,학;연
P1363,74,0.5,0.027,0.649,0.0,학;연
P1014,100,0.98,0.0,0.3,0.0,학;연
P1520,118,0.415,0.0,0.636,0.017,학;연
P1622,63,0.27,0.0,0.746,0.0,학;연
P0609,20,0.4,0.85,0.0,0.0,학;병
P1661,58,0.017,1.0,0.017,0.0,병
P0011,61,0.803,0.0,1.0,0.0,학;연
P1537,73,0.342,0.014,0.863,0.0,학;연
P1244,48,0.729,0.25,0.479,0.0,학;병;연
P1253,30,0.467,0.033,0.933,0.0,학;연
P0503,58,1.0,0.017,0.069,0.0,학
P0210,49,1.0,0.0,0.0,0.0,학
P1711,25,0.0,0.4,0.68,0.0,병;연
P1522,66,0.015,0.0,1.0,0.0,연
P0044,77,1.0,0.0,0.0,0.0,학
P0691,123,0.902,0.073,0.089,0.008,학
P1649,108,0.759,0.75,0.139,0.028,학;병
P0006,177,0.966,0.989,0.0,0.011,학;병
P0135,62,0.935,0.032,0.032,0.0,학
P1545,57,0.421,0.0,0.947,0.0,학;연
P1055,20,0.75,0.0,0.25,0.0,학;연
P1633,314,0.054,0.997,0.022,0.0,병
P1201,90,0.8,0.267,0.1,0.033,학;병
P0475,78,1.0,0.103,0.0,0.0,학
P0015,36,1.0,0.0,0.0,0.0,학
P0986,25,1.0,0.04,0.0,0.0,학
P0709,150,0.82,0.193,0.147,0.0,학
P1224,39,0.179,0.0,1.0,0.0,연
P1008,102,1.0,0.01,0.02,0.0,학
P1747,45,0.156,0.0,0.956,0.0,연
P1117,176,0.688,0.006,0.784,0.0,학;연
P0525,10,0.3,0.9,0.0,0.0,학;병
P1717,21,0.333,0.0,0.667,0.0,학;연
P1358,69,0.768,0.246,0.232,0.0,학;병;연
P0704,101,0.921,0.158,0.02,0.01,학
P1668,94,0.543,0.021,0.479,0.106,학;연
P0053,50,0.88,0.04,0.54,0.0,학;연
P0990,43,1.0,0.0,0.0,0.0,학
P0492,22,0.773,0.0,0.273,0.045,학;연
P1563,28,0.0,0.0,1.0,0.0,연
P1508,57,0.632,0.018,0.965,0.018,학;연
P1188,88,0.898,0.011,0.102,0.011,학
P1228,55,0.364,0.0,0.927,0.0,학;연
P0903,52,0.827,0.0,0.212,0.0,학;연
P1213,58,0.603,0.017,1.0,0.0,학;연
P1176,114,0.649,0.026,0.588,0.0,학;연
P0253,222,0.707,0.306,0.153,0.059,학;병
P0355,135,0.881,0.726,0.0,0.0,학;병
P0669,48,1.0,0.0,0.0,0.0,학
P1468,44,0.205,0.0,0.841,0.0,학;연
P1532,25,0.0,0.0,1.0,0.0,연
P0091,25,0.88,0.08,0.12,0.0,학
P1660,61,0.098,0.951,0.0,0.0,병
P1293,273,0.927,0.077,0.56,0.048,학;연
P0755,163,0.822,0.104,0.27,0.08,학;연
P1726,20,0.0,0.0,1.0,0.0,연
P1413,67,0.015,0.164,0.851,0.0,연
P0250,45,0.8,0.556,0.0,0.0,학;병
P1002,148,0.939,0.014,0.919,0.0,학;연
P1171,63,0.651,0.079,0.889,0.0,학;연
P1561,40,0.625,0.575,0.45,0.0,학;병;연
P1536,16,0.0,0.0,1.0,0.0,연
P0678,49,0.898,0.0,0.122,0.0,학
P0674,46,1.0,0.0,0.0,0.0,학
P0681,96,1.0,0.0,0.021,0.0,학
P1698,66,0.212,0.076,0.985,0.091,학;연
P1221,71,0.761,0.014,0.93,0.0,학;연
P1003,78,0.897,0.013,0.256,0.051,학;연
P1022,142,0.965,0.021,0.866,0.0,학;연
P1635,120,0.775,0.958,0.008,0.017,학;병
P0890,53,0.981,0.019,0.019,0.0,학
P1193,124,0.468,0.065,0.968,0.016,학;연
P1231,54,0.37,0.056,1.0,0.0,학;연
P0038,42,1.0,0.0,0.024,0.0,학
P1685,206,0.864,0.762,0.044,0.019,학;병
P1686,154,0.182,0.104,0.844,0.0,연
P1424,96,0.135,0.0,0.917,0.0,연
P1353,187,0.989,0.021,0.439,0.021,학;연
P0030,255,0.929,0.694,0.059,0.016,학;병
P0963,18,0.722,0.556,0.056,0.0,학;병
P0099,120,0.992,0.017,0.025,0.0,학
P1218,77,0.623,0.13,0.351,0.078,학;연
P1366,32,0.312,0.094,0.812,0.0,학;연
P1565,152,0.816,0.27,0.151,0.0,학;병
P0144,30,0.667,0.9,0.0,0.0,학;병
P1149,58,0.086,0.0,1.0,0.0,연
P1751,39,0.744,0.128,0.308,0.0,학;연
P1387,23,0.13,0.0,1.0,0.0,연
P1378,50,0.2,0.0,1.0,0.0,학;연
P1194,101,0.832,0.109,0.188,0.01,학
P1238,149,0.785,0.564,0.094,0.02,학;병
P0098,33,1.0,0.061,0.0,0.0,학
P1000,211,0.991,0.0,0.014,0.005,학
P1021,26,0.962,0.192,0.0,0.0,학
P1530,51,0.039,0.0,1.0,0.0,연
P1525,56,0.393,0.0,1.0,0.0,학;연
P1320,101,0.97,0.0,0.584,0.0,학;연
P0928,36,0.889,0.0,0.278,0.0,학;연
P1467,44,0.045,0.0,1.0,0.0,연
P0984,79,0.532,0.127,0.57,0.013,학;연
P1211,75,0.613,0.0,0.987,0.0,학;연
P1459,59,0.525,0.39,0.492,0.034,학;병;연
P0018,17,1.0,0.0,0.0,0.0,학
P1202,37,0.649,0.622,0.324,0.0,학;병;연
P0441,23,0.826,0.13,0.217,0.0,학;연
P1683,110,0.027,0.991,0.018,0.0,병
P0412,75,0.973,0.653,0.013,0.0,학;병
P1279,28,0.0,0.0,1.0,0.0,연
P0218,22,1.0,0.0,0.0,0.0,학
P0043,103,1.0,0.0,0.0,0.0,학
P0233,52,0.942,0.115,0.0,0.0,학
P0945,69,0.971,0.029,0.014,0.014,학
P1367,50,1.0,0.0,0.16,0.0,학
P1143,69,0.319,0.0,1.0,0.0,학;연
P0665,68,0.985,0.015,0.0,0.0,학
P0872,145,1.0,0.0,0.028,0.0,학
P1206,101,0.594,0.0,0.802,0.0,학;연
P0205,249,0.811,0.261,0.08,0.024,학;병
P0036,81,1.0,0.0,0.012,0.0,학
P1276,24,0.0,0.0,1.0,0.0,연
P1464,86,0.07,0.0,0.977,0.0,연
P0007,202,0.901,0.277,0.183,0.015,학;병
P1645,160,0.881,0.806,0.013,0.019,학;병
P1264,37,0.649,0.216,0.459,0.0,학;병;연
P1374,33,0.091,0.0,1.0,0.0,연
P1191,112,0.018,0.009,1.0,0.0,연
P0998,82,0.988,0.085,0.0,0.0,학
P1491,30,0.233,0.0,0.967,0.0,학;연
P0381,19,1.0,0.316,0.0,0.0,학;병
P1123,219,0.918,0.046,0.123,0.005,학
P1172,53,0.774,0.0,0.981,0.0,학;연
P1734,23,0.043,0.043,1.0,0.0,연
P0246,71,1.0,0.127,0.0,0.0,학
P1526,50,0.16,0.04,0.88,0.0,연
P1510,76,0.447,0.368,0.579,0.0,학;병;연
P1518,60,0.517,0.0,1.0,0.0,학;연
P0962,80,0.963,0.013,0.037,0.0,학
P0783,207,1.0,0.0,0.0,0.0,학
P1658,141,0.348,0.113,0.56,0.0,학;연
P0619,58,0.638,0.328,0.224,0.0,학;병;연
P1128,89,0.775,0.034,0.989,0.0,학;연
P1133,99,0.394,0.0,1.0,0.0,학;연
P0699,40,0.975,0.45,0.0,0.0,학;병
P0498,37,0.892,0.0,0.0,0.189,학
P1549,42,0.619,0.0,0.69,0.0,학;연
P1386,29,0.069,0.0,0.966,0.0,연
P0594,58,0.759,0.345,0.0,0.0,학;병
P1018,23,0.913,0.043,0.348,0.0,학;연
P1646,161,0.199,1.0,0.019,0.006,병
P1385,28,1.0,0.0,0.25,0.0,학;연
P0722,493,0.793,0.736,0.055,0.008,학;병
P0679,31,0.839,0.032,0.194,0.0,학
P1748,27,0.296,0.0,0.963,0.0,학;연
P0219,160,0.969,0.044,0.019,0.013,학
P0327,18,0.944,0.722,0.0,0.0,학;병
P1634,382,0.948,0.969,0.0,0.0,학;병
P1248,31,0.452,0.161,0.806,0.0,학;연
P0642,46,0.848,0.978,0.0,0.0,학;병
P0624,28,0.464,0.929,0.0,0.0,학;병
P0602,13,0.538,1.0,0.0,0.0,학;병
P1198,55,0.8,0.345,0.145,0.018,학;병
P0400,7,1.0,0.286,0.0,0.0,학;병
P1020,50,1.0,0.0,0.0,0.0,학
P1335,34,1.0,0.029,0.147,0.0,학
P1355,76,0.789,0.421,0.211,0.105,학;병;연
P1551,29,0.0,0.0,1.0,0.0,연
P0804,113,0.991,0.0,0.027,0.009,학
P0102,46,0.978,0.0,0.022,0.0,학
P0673,113,1.0,0.08,0.009,0.0,학
P1322,91,1.0,0.011,0.352,0.0,학;연
P0666,74,1.0,0.014,0.0,0.0,학
P1539,47,0.106,0.043,1.0,0.0,연
P1350,34,0.794,0.029,0.206,0.0,학;연
P1691,73,0.534,0.521,0.219,0.014,학;병;연
P1154,69,0.377,0.0,0.971,0.0,학;연
P0050,152,0.914,0.125,0.105,0.059,학
P1138,72,0.847,0.431,0.667,0.0,학;병;연
P1240,28,0.571,0.0,0.964,0.0,학;연
P0868,60,1.0,0.067,0.0,0.0,학
P0358,46,0.783,0.761,0.022,0.0,학;병
P1130,137,0.672,0.007,0.876,0.015,학;연
P1217,77,0.636,0.0,0.987,0.0,학;연
P0713,70,0.957,0.029,0.057,0.0,학
P0032,76,0.605,0.421,0.0,0.0,학;병
P0514,69,0.942,0.507,0.029,0.0,학;병
P0829,177,1.0,0.0,0.006,0.0,학
P0631,79,0.797,0.608,0.063,0.038,학;병
P0610,14,0.786,0.929,0.071,0.0,학;병
P1113,218,0.894,0.381,0.073,0.005,학;병
P1266,29,0.276,0.034,0.966,0.0,학;연
P0187,75,0.96,0.04,0.16,0.0,학
P0625,139,0.748,0.662,0.072,0.007,학;병
P1540,17,0.824,0.0,0.588,0.0,학;연
P0973,1,1.0,0.0,0.0,0.0,
P1136,111,0.847,0.027,0.964,0.009,학;연
P0981,36,1.0,0.0,0.0,0.0,학
P1475,53,0.226,0.0,1.0,0.0,학;연
P1716,42,0.714,0.095,0.333,0.024,학;연
P1693,43,0.0,0.023,1.0,0.0,연
P0255,80,1.0,0.013,0.0,0.0,학
P1665,162,0.34,0.84,0.025,0.0,학;병
P0351,48,0.979,0.688,0.0,0.021,학;병
P1391,12,0.167,0.0,0.833,0.0,연
P1375,39,0.462,0.0,0.923,0.0,학;연
P0595,3,0.333,1.0,0.0,0.0,병
P1405,162,0.321,0.13,0.685,0.0,학;연
P0622,19,0.789,0.842,0.0,0.0,학;병
P0329,33,0.727,0.879,0.0,0.03,학;병
P1223,68,0.588,0.25,0.279,0.029,학;병;연
P0342,104,0.808,0.856,0.01,0.0,학;병
P1528,64,0.328,0.016,0.969,0.0,학;연
P1570,87,0.782,0.379,0.115,0.0,학;병
P0069,53,0.849,0.075,0.717,0.0,학;연
P1506,125,0.616,0.008,0.976,0.0,학;연
P1400,176,0.006,0.0,0.994,0.0,연
P0213,18,0.889,0.167,0.0,0.0,학
P0066,163,1.0,0.006,0.025,0.006,학
P0033,35,1.0,0.057,0.0,0.0,학
P0671,15,1.0,0.0,0.0,0.0,학
P1740,15,0.667,0.267,0.6,0.0,학;병;연
P0617,20,0.2,0.95,0.0,0.0,학;병
P1230,105,0.419,0.0,1.0,0.0,학;연
P1653,24,0.417,0.542,0.0,0.125,학;병
P0422,53,1.0,0.132,0.0,0.0,학
P1679,122,0.041,1.0,0.0,0.0,병
P0927,38,1.0,0.658,0.053,0.0,학;병
P0738,419,0.85,0.014,0.088,0.105,학
P0254,98,0.959,0.051,0.01,0.01,학
P0076,63,1.0,0.0,0.0,0.0,학
P1524,60,0.383,0.067,0.833,0.0,학;연
P1632,272,0.029,0.996,0.015,0.007,병
P1323,100,0.93,0.0,0.76,0.0,학;연
P1342,56,1.0,0.036,0.714,0.0,학;연
P1165,106,1.0,0.0,0.33,0.0,학;연
P0830,144,0.993,0.0,0.035,0.0,학
P0544,36,0.972,0.111,0.0,0.0,학
P1309,92,0.978,0.0,0.946,0.0,학;연
P0524,30,0.7,0.5,0.033,0.0,학;병
P0808,99,1.0,0.0,0.283,0.0,학;연
P0548,95,1.0,0.0,0.0,0.0,학
P1319,144,0.979,0.424,0.701,0.0,학;병;연
P1024,36,1.0,0.0,0.0,0.0,학
P1088,98,0.898,0.01,0.102,0.0,학
P1226,92,0.457,0.011,0.989,0.0,학;연
P0462,49,0.918,0.0,0.061,0.02,학
P1137,83,0.518,0.048,0.88,0.012,학;연
P1102,74,0.784,0.0,0.27,0.0,학;연
P1268,41,0.293,0.0,0.829,0.0,학;연
P0354,39,0.872,0.872,0.0,0.0,학;병
P1317,133,0.895,0.301,0.624,0.008,학;병;연
P1160,83,1.0,0.229,0.277,0.0,학;병;연
P0181,91,1.0,0.0,0.011,0.0,학
P0194,191,1.0,0.0,0.0,0.0,학
P1321,127,0.937,0.008,0.669,0.0,학;연
P0165,35,0.829,0.0,0.714,0.0,학;연
P1169,54,0.963,0.0,0.852,0.056,학;연
P1494,29,0.207,0.069,0.828,0.0,학;연
P0238,37,0.595,0.0,0.486,0.0,학;연
P0550,679,0.988,0.001,0.019,0.001,학
P0341,40,0.925,0.825,0.0,0.025,학;병
P1132,150,1.0,0.227,0.573,0.0,학;병;연
P1301,182,0.984,0.038,0.522,0.011,학;연
P1434,69,0.014,0.0,1.0,0.0,연
P1452,69,0.899,0.0,1.0,0.014,학;연
P1408,116,0.017,0.009,1.0,0.009,연
P1429,59,0.441,0.0,0.881,0.0,학;연
P1449,50,0.4,0.04,0.96,0.0,학;연
P1412,46,0.0,0.0,1.0,0.0,연
P1416,57,0.298,0.0,1.0,0.0,학;연
P1557,35,0.2,0.029,1.0,0.0,학;연
P1372,31,0.516,0.0,0.935,0.0,학;연
P1444,56,0.911,0.0,0.089,0.0,학
P0774,65,0.954,0.0,0.2,0.015,학;연
P1600,83,0.904,0.0,0.952,0.0,학;연
P1085,19,0.947,0.0,0.158,0.0,학
P0698,59,1.0,0.0,0.017,0.017,학
P1493,36,0.306,0.0,0.861,0.0,학;연
P1181,117,0.957,0.154,0.085,0.0,학
P1338,43,0.302,0.186,0.86,0.093,학;연
P1602,56,0.089,0.0,1.0,0.0,연
P1187,160,0.619,0.0,1.0,0.0,학;연
P0392,21,0.905,0.857,0.0,0.0,학;병
P1465,24,0.375,0.125,0.667,0.0,학;연
P1498,34,0.088,0.0,1.0,0.0,연
P1488,40,0.3,0.15,0.85,0.0,학;연
P1175,195,0.872,0.549,0.067,0.005,학;병
P1616,51,0.039,0.0,0.961,0.0,연
P1700,43,0.023,0.0,1.0,0.0,연
P1727,25,0.0,0.0,1.0,0.0,연
P0582,55,0.891,0.964,0.0,0.0,학;병
P0590,105,0.867,0.733,0.152,0.019,학;병
P1441,82,0.024,0.0,1.0,0.0,연
P0009,28,0.929,0.0,0.143,0.0,학
P0644,28,0.75,1.0,0.0,0.0,학;병
P0322,73,0.712,0.945,0.0,0.0,학;병
P0414,84,0.81,0.81,0.0,0.0,학;병
P1562,34,0.324,0.0,1.0,0.0,학;연
P0056,128,1.0,0.0,0.0,0.0,학
P1428,89,0.596,0.0,0.551,0.0,학;연
P1308,127,0.819,0.008,0.929,0.0,학;연
P1555,15,0.667,0.067,0.467,0.0,학;연
P0022,93,1.0,0.118,0.032,0.0,학
P1560,25,0.48,0.0,0.84,0.04,학;연
P1554,21,0.762,0.0,0.238,0.0,학;연
P1341,47,0.851,0.0,0.255,0.021,학;연
P1742,12,0.167,0.083,0.833,0.0,연
P1739,21,0.048,0.048,0.952,0.0,연
P1564,35,0.429,0.057,0.914,0.0,학;연
P0243,81,0.938,0.0,0.062,0.012,학
P1497,21,0.81,0.429,0.19,0.0,학;병
P1460,69,0.768,0.0,0.942,0.0,학;연
P1483,40,0.025,0.0,1.0,0.0,연
P0689,84,0.976,0.048,0.0,0.0,학
P0440,30,0.867,0.8,0.0,0.0,학;병
P0636,43,0.977,0.907,0.0,0.0,학;병
P0394,44,0.682,0.818,0.023,0.0,학;병
P0630,32,0.469,1.0,0.031,0.0,학;병
P0427,62,1.0,0.726,0.0,0.0,학;병
P0449,41,0.976,0.585,0.0,0.0,학;병
P1572,75,0.747,0.08,0.72,0.027,학;연
P0294,56,1.0,0.0,0.071,0.0,학
P1737,19,0.211,0.0,0.895,0.0,학;연
P0494,15,1.0,0.067,0.0,0.0,학
P1275,21,0.0,0.0,1.0,0.0,연
P1450,56,0.036,0.0,0.982,0.0,연
P1407,78,0.5,0.103,0.628,0.038,학;연
P0431,29,1.0,0.897,0.0,0.0,학;병
P0240,26,1.0,0.0,0.0,0.0,학
P1418,160,0.8,0.963,0.013,0.0,학;병
P1568,128,0.375,0.0,0.992,0.0,학;연
P0560,92,1.0,0.0,0.0,0.011,학
P0027,6,0.833,0.833,0.0,0.0,학;병
P0024,56,0.946,1.0,0.0,0.0,학;병
P1714,16,0.0,0.0,1.0,0.0,연
P0020,178,0.101,0.983,0.0,0.0,병
P0014,142,0.275,0.993,0.007,0.0,학;병
P0013,246,0.325,0.992,0.0,0.008,학;병
P1511,104,0.875,0.019,0.74,0.0,학;연
P1345,53,0.679,0.057,0.453,0.0,학;연
P0182,147,0.986,0.007,0.0,0.007,학
P1558,24,0.583,0.333,0.792,0.0,학;병;연
P1153,53,0.585,0.057,0.736,0.0,학;연
P0376,37,0.865,0.838,0.0,0.0,학;병
P1471,43,0.326,0.209,0.488,0.07,학;병;연
P1281,38,0.474,0.0,0.579,0.0,학;연
P1287,34,0.912,0.0,0.118,0.0,학
P0437,21,0.952,0.952,0.0,0.0,학;병
P1608,35,0.6,0.429,0.4,0.0,학;병;연
P1610,54,0.741,0.019,0.963,0.019,학;연
P1331,100,0.99,0.01,0.56,0.0,학;연
P0572,9,1.0,0.667,0.0,0.0,학;병
P0567,19,1.0,0.105,0.0,0.0,학
P1157,66,0.561,0.364,0.47,0.091,학;병;연
P1371,29,0.862,0.0,0.207,0.034,학;연
P0558,63,1.0,0.0,0.016,0.0,학
P1031,20,1.0,0.05,0.0,0.0,학
P1543,51,0.235,0.059,1.0,0.0,학;연
P0542,190,1.0,0.032,0.005,0.1,학
P1552,24,0.542,0.0,1.0,0.0,학;연
P1594,51,0.059,0.0,1.0,0.0,연
P1032,14,0.929,0.143,0.0,0.0,학
P0142,91,1.0,0.0,0.0,0.0,학
P1233,282,0.926,0.099,0.057,0.021,학
P1512,76,0.263,0.0,0.934,0.0,학;연
P0587,102,0.961,0.882,0.0,0.0,학;병
P1596,77,0.078,0.078,0.987,0.0,연
P0823,296,0.905,0.02,0.176,0.034,학
P1476,72,0.833,0.0,0.194,0.0,학
P1461,49,0.367,0.082,0.776,0.0,학;연
P1485,30,0.1,0.0,0.9,0.0,연
P1033,21,1.0,0.0,0.0,0.0,학
P1163,115,1.0,0.0,0.27,0.0,학;연
P1482,15,0.533,0.0,0.533,0.0,학;연
P1120,80,0.575,0.075,0.825,0.0,학;연
P0718,229,0.969,0.0,0.943,0.0,학;연
P1477,42,0.024,0.143,0.881,0.0,연
P0105,39,1.0,0.077,0.026,0.0,학
P1364,50,0.74,0.0,0.92,0.0,학;연
P1611,16,0.062,0.0,0.938,0.0,연
P0367,61,0.902,0.443,0.049,0.0,학;병
P1058,66,1.0,0.0,0.136,0.0,학
P1547,49,0.061,0.02,0.98,0.0,연
P1542,32,0.719,0.0,0.969,0.0,학;연
P1516,60,0.7,0.083,0.967,0.0,학;연
P1214,102,0.284,0.029,0.843,0.0,학;연
P1696,61,0.148,0.016,0.967,0.049,연
P1466,59,0.305,0.0,1.0,0.0,학;연
P1232,76,0.711,0.0,0.921,0.0,학;연
P0328,14,0.929,1.0,0.0,0.071,학;병
P0848,21,1.0,0.0,0.048,0.0,학
P1095,36,0.972,0.028,0.028,0.0,학
P0212,92,1.0,0.0,0.0,0.0,학
P0493,73,0.986,0.014,0.014,0.0,학
P0340,67,0.91,0.448,0.0,0.06,학;병
P1593,64,0.391,0.188,0.625,0.016,학;연
P0179,47,0.872,0.021,0.043,0.085,학
P1601,36,0.694,0.056,1.0,0.0,학;연
P0684,95,0.926,0.0,0.211,0.0,학;연
P1598,41,0.39,0.024,0.512,0.073,학;연
P0241,38,1.0,0.0,0.0,0.0,학
P0991,160,0.787,0.8,0.025,0.0,학;병
P0114,124,0.976,0.355,0.065,0.008,학;병
P1421,66,0.182,0.015,0.848,0.0,연
P1426,112,0.018,0.018,1.0,0.0,연
P1409,49,0.347,0.082,0.755,0.02,학;연
P1507,62,0.387,0.274,0.532,0.0,학;병;연
P1590,49,0.0,0.0,1.0,0.0,연
P0115,191,0.963,0.398,0.01,0.0,학;병
P1425,61,0.492,0.0,0.984,0.0,학;연
P0606,10,0.7,1.0,0.0,0.0,학;병
P0016,39,0.974,0.077,0.128,0.051,학
P0220,51,1.0,0.0,0.0,0.0,학
P1205,54,0.574,0.0,1.0,0.0,학;연
P0532,213,0.624,0.986,0.0,0.0,학;병
P0535,143,0.734,0.979,0.007,0.0,학;병
P1302,125,0.96,0.128,0.144,0.016,학
P1334,51,0.961,0.0,0.706,0.0,학;연
P1269,44,0.909,0.0,0.977,0.0,학;연
P0822,59,0.932,0.034,0.102,0.0,학
P1571,91,0.659,0.077,0.363,0.0,학;연
P1197,64,0.5,0.0,1.0,0.0,학;연
P1500,35,0.914,0.0,0.229,0.0,학;연
P1627,210,0.919,0.843,0.01,0.0,학;병
P1437,115,0.07,0.026,1.0,0.0,연
P1489,22,0.409,0.182,0.773,0.0,학;연
P1427,89,0.371,0.0,1.0,0.0,학;연
P0337,285,0.856,0.698,0.063,0.014,학;병
P0231,115,1.0,0.009,0.009,0.0,학
P1283,39,0.769,0.0,0.282,0.0,학;연
P1743,14,0.786,0.0,0.214,0.0,학;연
P0626,22,0.682,0.591,0.0,0.0,학;병
P1272,27,0.815,0.333,0.074,0.074,학;병
P1575,142,0.155,0.0,0.873,0.021,연
P1582,105,0.2,0.095,0.867,0.0,학;연
P1589,78,0.308,0.0,0.962,0.0,학;연
P0281,270,0.048,0.0,0.996,0.0,연
P1091,112,0.536,0.0,0.518,0.0,학;연
P0325,113,0.788,0.92,0.009,0.0,학;병
P0639,26,0.769,0.731,0.0,0.0,학;병
P0435,31,0.645,0.613,0.0,0.0,학;병
P1490,32,0.344,0.312,0.875,0.062,학;병;연
P1332,72,1.0,0.0,0.5,0.0,학;연
P1470,83,0.193,0.012,0.904,0.0,연
P1063,5,1.0,0.2,0.2,0.0,학
P1566,116,0.733,0.017,0.353,0.017,학;연
P1034,21,1.0,0.238,0.0,0.0,학;병
P1349,36,0.917,0.028,0.528,0.028,학;연
P0193,3,1.0,0.0,0.0,0.0,학
P0957,36,1.0,0.0,0.0,0.0,학
P1219,63,0.825,0.095,0.381,0.0,학;연
P0801,98,1.0,0.153,0.0,0.0,학
P0748,141,1.0,0.014,0.355,0.0,학;연
P1486,40,0.475,0.0,0.675,0.0,학;연
P1701,50,0.1,0.04,1.0,0.02,연
P0752,106,0.755,0.0,0.896,0.0,학;연
P0785,114,0.219,0.0,0.956,0.0,학;연
P1720,45,0.022,0.0,1.0,0.0,연
P1722,41,0.0,0.0,1.0,0.0,연
P0074,36,0.75,0.0,0.389,0.0,학;연
P0226,168,1.0,0.0,0.006,0.0,학
P0201,232,0.966,0.659,0.009,0.0,학;병
P0648,51,1.0,0.0,0.0,0.0,학
P1352,48,1.0,0.062,0.833,0.0,학;연
P1423,60,0.35,0.183,0.683,0.017,학;연
P1419,117,0.043,0.0,1.0,0.0,연
P1222,101,0.752,0.05,0.98,0.0,학;연
P0236,111,1.0,0.0,0.0,0.0,학
P0746,311,0.971,0.003,0.977,0.0,학;연
P0136,42,0.976,0.0,0.048,0.0,학
P0810,96,1.0,0.0,0.021,0.0,학
P1180,116,0.991,0.026,0.052,0.009,학
P0230,178,1.0,0.0,0.022,0.0,학
P0234,122,0.992,0.008,0.0,0.0,학
P0083,127,0.969,0.087,0.008,0.0,학
P1603,57,0.263,0.0,0.825,0.0,학;연
P1094,452,0.982,0.022,0.0,0.0,학
P1116,124,0.669,0.032,1.0,0.0,학;연
P0207,73,1.0,0.0,0.0,0.0,학
P1118,254,0.98,0.0,0.173,0.016,학
P0596,22,0.773,0.955,0.0,0.0,학;병
P1292,40,0.225,0.025,0.975,0.0,학;연
P1270,54,0.278,0.0,0.944,0.0,학;연
P1282,30,0.067,0.0,1.0,0.0,연
P0266,55,0.891,0.0,0.273,0.0,학;연
P1251,70,0.571,0.0,1.0,0.014,학;연
P0968,136,1.0,0.007,0.375,0.0,학;연
P1311,147,0.973,0.095,0.639,0.007,학;연
P0299,46,1.0,0.0,0.5,0.0,학;연
P0346,216,0.917,0.551,0.028,0.019,학;병
P0597,85,0.871,0.859,0.012,0.0,학;병
P0620,61,0.344,1.0,0.0,0.0,학;병
P1630,278,0.871,0.629,0.0,0.0,학;병
P1144,66,0.106,0.03,0.924,0.0,연
P0333,82,0.866,0.598,0.037,0.0,학;병
P1514,111,0.505,0.243,0.739,0.0,학;병;연
P1403,127,0.976,0.409,0.047,0.0,학;병
P1278,36,0.056,0.0,0.944,0.0,연
P1567,71,0.845,0.0,0.986,0.0,학;연
P1583,90,0.889,0.0,0.989,0.0,학;연
P1573,98,0.867,0.0,0.99,0.0,학;연
P0618,37,0.486,1.0,0.0,0.0,학;병
P0638,15,0.6,0.867,0.0,0.0,학;병
P1119,112,0.464,0.393,0.562,0.018,학;병;연
P1694,52,0.615,0.538,0.231,0.0,학;병;연
P0707,118,0.822,0.322,0.068,0.0,학;병
P1216,90,0.611,0.0,0.989,0.0,학;연
P1277,48,0.208,0.083,0.833,0.0,학;연
P1291,41,0.537,0.0,0.829,0.0,학;연
P1263,27,0.37,0.0,1.0,0.0,학;연
P1325,76,0.987,0.197,0.224,0.0,학;연
P1580,88,0.42,0.034,1.0,0.0,학;연
P0969,84,0.988,0.0,0.036,0.012,학
P1397,355,0.254,0.085,0.941,0.0,학;연
P0347,60,0.717,0.883,0.0,0.0,학;병
P0832,197,0.924,0.0,0.234,0.0,학;연
P0543,6,1.0,0.0,0.0,0.0,학
P0444,85,0.859,0.765,0.024,0.0,학;병
P1316,84,0.798,0.119,0.167,0.036,학
P1581,52,0.154,0.019,0.962,0.0,연
P1009,36,1.0,0.0,0.028,0.0,학
P0749,28,1.0,0.107,0.107,0.0,학
P0562,152,0.836,0.763,0.013,0.0,학;병
P1503,29,0.724,0.0,0.276,0.0,학;연
P1280,43,0.233,0.0,0.953,0.0,학;연
P0682,86,1.0,0.0,0.0,0.0,학
P1614,42,0.048,0.0,1.0,0.0,연
P1210,84,0.75,0.238,0.286,0.036,학;병;연
P1597,43,0.256,0.0,1.0,0.0,학;연
P1585,61,0.705,0.016,0.984,0.0,학;연
P0852,69,0.768,0.014,0.652,0.0,학;연
P1229,68,0.382,0.0,1.0,0.0,학;연
P0685,177,0.977,0.011,0.045,0.011,학
P1306,111,0.784,0.658,0.468,0.234,학;병;연;산
P0603,47,0.596,0.979,0.0,0.0,학;병
P1615,55,0.382,0.0,0.945,0.0,학;연
P0283,16,1.0,0.0,0.0,0.0,학
P0740,166,0.97,0.006,0.133,0.012,학
P0306,101,0.743,0.208,0.208,0.0,학;병;연
P1624,36,0.472,0.0,1.0,0.0,학;연
P0568,26,1.0,0.538,0.0,0.0,학;병
P0923,43,1.0,0.86,0.047,0.0,학;병
P1019,69,1.0,0.0,0.087,0.0,학
P0770,128,1.0,0.0,0.016,0.0,학
P1576,90,0.211,0.078,0.778,0.0,학;연
P1313,42,0.238,0.0,0.976,0.0,학;연
P0652,26,1.0,0.0,0.077,0.0,학
P1254,32,0.625,0.0,1.0,0.0,학;연
P1578,113,0.867,0.115,0.088,0.009,학
P1445,45,0.133,0.133,0.778,0.022,연
P0090,54,1.0,0.0,0.0,0.0,학
P1588,96,0.594,0.0,0.49,0.0,학;연
P1607,39,0.0,0.0,1.0,0.0,연
P1604,62,0.581,0.0,0.984,0.0,학;연
P1692,42,0.81,0.119,0.119,0.048,학
P1595,65,0.215,0.077,0.769,0.046,학;연
P1591,58,0.034,0.034,0.948,0.0,연
P1574,68,0.471,0.0,1.0,0.0,학;연
P0223,55,0.8,0.0,0.255,0.0,학;연
P1039,51,0.941,0.118,0.039,0.0,학
P1038,33,1.0,0.091,0.0,0.0,학
P0279,122,1.0,0.0,0.025,0.0,학
P0818,149,0.98,0.0,0.02,0.0,학
P1089,61,0.541,0.0,0.508,0.0,학;연
P1609,47,0.404,0.064,0.532,0.0,학;연
P0511,39,0.744,0.897,0.0,0.051,학;병
P1203,113,0.938,0.0,0.336,0.0,학;연
P0650,17,0.824,0.0,0.176,0.0,학
P1207,115,0.887,0.0,0.835,0.009,학;연
P1439,104,0.529,0.115,0.49,0.0,학;연
P1587,71,0.592,0.014,0.986,0.0,학;연
P1617,51,0.667,0.745,0.176,0.0,학;병
P1620,38,0.526,0.0,0.5,0.0,학;연
P1122,107,0.561,0.028,0.626,0.009,학;연
P0278,7,1.0,0.0,0.0,0.0,학
P1406,60,0.567,0.1,0.45,0.0,학;연
P1166,47,0.383,0.0,0.787,0.043,학;연
P0434,94,0.915,0.947,0.0,0.0,학;병
P1184,93,0.968,0.785,0.548,0.0,학;병;연
P0429,44,0.955,0.795,0.0,0.0,학;병
P1697,35,0.029,0.029,1.0,0.0,연
P1236,130,0.454,0.0,0.985,0.0,학;연
P1062,50,1.0,0.0,0.0,0.0,학
P0605,25,0.76,0.88,0.0,0.0,학;병
P0469,9,1.0,0.0,0.0,0.0,학
P1505,94,0.851,0.0,0.181,0.021,학
P1699,62,0.065,0.0,1.0,0.0,연
P0225,93,1.0,0.0,0.0,0.0,학
P0623,40,0.875,0.975,0.0,0.0,학;병
P0965,48,1.0,0.0,0.0,0.0,학
P1586,47,0.213,0.085,0.851,0.0,학;연
P1469,59,0.136,0.102,0.864,0.0,연
P1141,76,0.079,0.026,0.974,0.013,연
P0260,35,1.0,0.029,0.0,0.0,학
P0345,46,0.978,0.587,0.022,0.0,학;병
P1260,67,0.657,0.0,0.418,0.0,학;연
P1463,64,0.453,0.016,0.672,0.0,학;연
P1753,33,0.03,0.0,1.0,0.0,연
P1209,67,0.851,0.104,0.149,0.0,학
P1262,51,0.216,0.0,0.843,0.0,학;연
P0208,59,1.0,0.051,0.034,0.0,학
P1730,32,0.781,0.0,0.219,0.0,학;연
P0315,33,1.0,0.0,0.0,0.0,학
P1388,34,0.735,0.029,0.294,0.0,학;연
P1173,180,0.717,0.239,0.594,0.0,학;병;연
P1430,59,0.729,0.0,0.983,0.0,학;연
P1151,80,0.312,0.0,1.0,0.0,학;연
P1411,77,0.494,0.065,0.831,0.013,학;연
P1422,52,0.038,0.0,0.962,0.0,연
P1401,111,0.018,0.018,1.0,0.0,연
P1192,91,0.352,0.0,1.0,0.0,학;연
P0384,97,0.959,0.763,0.0,0.0,학;병
P0445,96,0.979,0.667,0.0,0.0,학;병
P0509,13,0.692,1.0,0.0,0.0,학;병
P1515,55,0.927,0.291,0.218,0.0,학;병;연
P0996,82,1.0,0.0,0.0,0.0,학
P0995,40,0.725,0.125,0.25,0.0,학;연
P0430,13,0.385,0.923,0.0,0.0,학;병
P1200,164,0.689,0.0,1.0,0.0,학;연
P0616,64,0.75,0.844,0.0,0.0,학;병
P1245,34,0.382,0.0,0.765,0.0,학;연
P0687,104,1.0,0.0,0.019,0.0,학
P0438,42,1.0,0.095,0.0,0.0,학
P1712,40,0.1,0.0,0.925,0.0,연
P1404,32,0.469,0.094,0.812,0.0,학;연
P0585,14,0.571,1.0,0.0,0.0,학;병
P0189,121,0.802,0.116,0.157,0.0,학
P0628,15,0.067,1.0,0.0,0.0,병
P0379,334,0.949,0.925,0.003,0.003,학;병
P1161,55,0.636,0.018,0.982,0.0,학;연
P0668,9,0.889,0.222,0.0,0.0,학;병
P0228,85,1.0,0.071,0.0,0.0,학
P1438,52,0.019,0.019,1.0,0.0,연
P0744,364,0.981,0.019,0.03,0.088,학
P0063,170,0.747,0.071,0.053,0.259,학;산
P1215,126,0.944,0.056,0.992,0.0,학;연
P0958,38,0.895,0.342,0.0,0.0,학;병
P0188,65,0.354,0.0,0.769,0.0,학;연
P0527,90,0.978,0.9,0.011,0.0,학;병
P1534,48,0.646,0.417,0.354,0.0,학;병;연
P0034,104,1.0,0.01,0.0,0.0,학
P0060,107,0.981,0.009,0.075,0.0,학
P1559,17,0.647,0.0,0.941,0.0,학;연
P0026,137,1.0,0.022,0.066,0.0,학
P1196,89,0.854,0.0,0.966,0.0,학;연
P1752,40,0.925,0.0,0.1,0.0,학
P1328,33,0.697,0.091,0.97,0.0,학;연
P0405,35,0.714,0.943,0.0,0.0,학;병
P1496,21,0.714,0.048,0.429,0.0,학;연
P1535,32,0.656,0.0,0.312,0.125,학;연
P1677,47,0.915,0.17,0.0,0.0,학
P0858,45,0.911,0.222,0.0,0.0,학;병
P0140,42,1.0,0.0,0.0,0.0,학
P1083,23,1.0,0.0,0.043,0.0,학
P0546,23,1.0,0.0,0.0,0.0,학
P0411,4,0.25,0.0,0.75,0.0,연
P1745,59,0.373,0.034,0.881,0.0,학;연
P1687,120,0.85,0.833,0.083,0.0,학;병
P1340,70,0.986,0.071,0.071,0.014,학
P0576,61,0.918,0.0,0.082,0.0,학
P1092,64,0.969,0.0,0.0,0.031,학
P0178,61,1.0,0.0,0.0,0.0,학
P0643,16,0.812,1.0,0.0,0.0,학;병
P1738,36,0.917,0.0,0.139,0.0,학
P1577,57,0.018,0.0,1.0,0.0,연
P1307,152,0.974,0.046,0.053,0.0,학
P1621,28,0.821,0.0,0.179,0.0,학
P0303,23,1.0,0.0,0.043,0.0,학
P0424,21,0.476,0.524,0.238,0.0,학;병;연
P0012,385,0.953,0.003,0.049,0.003,학
P0215,17,1.0,0.0,0.0,0.0,학
P1314,63,0.984,0.0,0.889,0.0,학;연
P1618,53,0.321,0.0,0.981,0.0,학;연
P0807,86,0.953,0.012,0.081,0.047,학
P0456,38,1.0,0.132,0.0,0.0,학
P0393,66,1.0,0.045,0.0,0.0,학
P0349,83,0.988,0.422,0.024,0.0,학;병
P0065,20,0.75,0.3,0.0,0.0,학;병
P1453,50,0.12,0.02,0.92,0.0,연
P1446,66,0.015,0.0,1.0,0.0,연
P1402,147,0.014,0.0,1.0,0.0,연
P0601,23,0.826,1.0,0.0,0.0,학;병
P1519,74,0.27,0.0,0.986,0.0,학;연
P0964,25,1.0,0.0,0.0,0.0,학
P0389,34,0.765,0.912,0.0,0.0,학;병
P0204,62,1.0,0.0,0.0,0.0,학
P1013,39,0.897,0.051,0.103,0.026,학
P1533,42,0.024,0.0,0.976,0.0,연
P1147,45,0.489,0.0,0.978,0.022,학;연
P0304,9,1.0,0.0,0.0,0.0,학
P0767,52,1.0,0.0,0.0,0.0,학
P0997,73,0.562,0.301,0.342,0.014,학;병;연
P0288,26,1.0,0.0,0.038,0.038,학
P1241,33,0.061,0.061,0.939,0.0,연
P0119,23,0.696,0.0,0.304,0.0,학;연
P1164,50,0.94,0.0,0.08,0.0,학
P1529,79,0.57,0.0,0.671,0.013,학;연
P1220,100,0.86,0.74,0.09,0.02,학;병
P0416,118,0.873,0.941,0.0,0.0,학;병
P0589,15,0.4,0.533,0.2,0.0,학;병;연
P0994,37,0.973,0.0,0.0,0.027,학
P1623,62,0.387,0.032,0.629,0.0,학;연
P1286,29,0.724,0.0,0.276,0.0,학;연
P1179,50,0.96,0.02,0.16,0.0,학
P0107,30,0.967,0.1,0.1,0.0,학
P0334,38,1.0,0.684,0.0,0.0,학;병
P0856,22,1.0,0.0,0.227,0.0,학;연
P0458,8,1.0,0.0,0.0,0.0,학
P1659,172,0.012,1.0,0.0,0.0,병
P1479,52,0.75,0.0,0.404,0.0,학;연
P1208,59,0.441,0.034,0.983,0.017,학;연
P1298,72,1.0,0.014,0.042,0.0,학
P0245,69,0.855,0.029,0.246,0.014,학;연
P0496,57,1.0,0.123,0.0,0.0,학
P1553,13,0.154,0.0,0.846,0.0,연
P1672,122,0.033,0.992,0.0,0.0,병
P0282,18,1.0,0.0,0.0,0.0,학
P1182,81,0.901,0.741,0.123,0.0,학;병
P0407,53,0.962,0.491,0.019,0.0,학;병
P0737,95,0.989,0.0,0.242,0.0,학;연
P0222,40,1.0,0.0,0.0,0.0,학
P1736,19,0.0,0.0,1.0,0.0,연
P1189,94,0.606,0.064,0.426,0.0,학;연
P0854,45,0.6,0.911,0.0,0.0,학;병
P1414,134,0.716,0.149,0.978,0.0,학;연
P1065,36,1.0,0.0,0.0,0.0,학
P0174,54,1.0,0.0,0.0,0.0,학
P0935,26,1.0,0.038,0.0,0.0,학
P1030,42,0.333,0.0,0.786,0.0,학;연
P0586,15,0.267,0.8,0.0,0.0,학;병
P1108,16,0.875,0.938,0.0,0.0,학;병
P0209,143,0.993,0.0,0.035,0.007,학
P0621,36,0.056,1.0,0.0,0.0,병
P1289,28,0.571,0.571,0.25,0.071,학;병;연
P1669,79,0.0,1.0,0.0,0.0,병
P0961,57,1.0,0.0,0.0,0.0,학
P0314,3,1.0,0.0,0.0,0.0,학
P1183,149,0.416,0.013,0.98,0.0,학;연
P1061,48,1.0,0.0,0.0,0.0,학
P1190,100,0.13,0.69,0.22,0.08,병;연
P1339,70,0.886,0.586,0.043,0.0,학;병
P0453,56,1.0,0.607,0.0,0.0,학;병
P1538,43,0.186,0.767,0.116,0.023,병
P0446,109,0.798,0.789,0.0,0.009,학;병
P0173,164,1.0,0.0,0.0,0.0,학
P0761,181,0.994,0.022,0.099,0.0,학
P0694,110,1.0,0.027,0.018,0.0,학
P0289,49,0.816,0.0,0.184,0.0,학
P0199,33,0.848,0.0,0.364,0.0,학;연
P1750,36,0.0,0.0,1.0,0.0,연
P1680,58,0.069,0.966,0.0,0.0,병
P0782,46,1.0,0.587,0.0,0.0,학;병
P1305,121,0.934,0.0,0.752,0.0,학;연
P1333,32,0.969,0.0,0.906,0.0,학;연
P0845,34,0.971,0.0,0.088,0.0,학
P0100,43,0.977,0.023,0.023,0.0,학
P0486,53,0.83,0.132,0.17,0.0,학
P0286,48,1.0,0.0,0.0,0.0,학
P1078,50,1.0,0.0,0.02,0.0,학
P1336,59,0.763,0.0,0.661,0.0,학;연
P0380,13,0.692,0.769,0.0,0.0,학;병
P0433,27,0.741,0.444,0.593,0.0,학;병;연
P0574,18,1.0,0.0,0.056,0.0,학
P0569,18,1.0,0.0,0.056,0.0,학
P0735,54,0.63,0.0,0.389,0.0,학;연
P0157,65,1.0,0.0,0.0,0.0,학
P1681,53,0.019,1.0,0.019,0.0,병
P0765,99,1.0,0.0,0.0,0.0,학
P1006,47,1.0,0.0,0.34,0.0,학;연
P0922,52,1.0,0.635,0.0,0.0,학;병
P0131,49,1.0,0.0,0.0,0.0,학
P0390,66,0.864,0.788,0.015,0.0,학;병
P0565,38,1.0,0.0,0.0,0.0,학
P0564,48,1.0,0.042,0.0,0.0,학
P0547,80,1.0,0.0,0.013,0.138,학
P0773,28,0.964,0.0,0.786,0.0,학;연
P0820,373,0.979,0.0,0.048,0.003,학
P1433,40,0.125,0.05,0.875,0.0,연
P1448,49,0.0,0.0,1.0,0.0,연
P1473,19,0.053,0.053,0.895,0.0,연
P1044,14,1.0,0.0,0.0,0.0,학
P1504,16,0.625,0.0,0.562,0.0,학;연
P0365,29,1.0,0.552,0.034,0.0,학;병
P0651,38,0.868,0.0,0.158,0.0,학
P1064,40,1.0,0.0,0.0,0.0,학
P0563,51,1.0,0.0,0.0,0.0,학
P1399,400,0.958,0.07,0.028,0.005,학
P0540,21,1.0,0.0,0.0,0.0,학
P1415,63,0.286,0.063,0.651,0.079,학;연
P0366,60,0.5,0.983,0.017,0.0,학;병
P1098,137,0.562,0.825,0.036,0.0,학;병
P1082,44,1.0,0.0,0.0,0.0,학
P0743,81,0.926,0.0,0.444,0.0,학;연
P0284,29,1.0,0.0,0.0,0.0,학
P1344,42,0.262,0.69,0.31,0.0,학;병;연
P0936,29,1.0,0.0,0.0,0.0,학
P0041,38,1.0,0.0,0.342,0.0,학;연
P0758,59,1.0,0.0,0.034,0.0,학
P1390,36,0.778,0.056,0.333,0.0,학;연
P1377,38,0.211,0.0,0.868,0.0,학;연
P1274,34,0.853,0.029,0.529,0.088,학;연
P0726,93,1.0,0.0,0.0,0.011,학
P1499,20,0.05,0.0,1.0,0.0,연
P1708,28,0.107,0.0,1.0,0.0,연
P1735,14,0.071,0.0,0.929,0.0,연
P1651,143,0.783,0.678,0.028,0.035,학;병
P0885,13,0.615,0.0,0.385,0.0,학;연
P0461,16,0.875,0.0,0.0,0.125,학
P0428,122,0.967,0.73,0.0,0.008,학;병
P1243,88,0.648,0.011,0.386,0.0,학;연
P0985,67,1.0,0.0,0.0,0.0,학
P1637,143,0.615,0.965,0.014,0.0,학;병
P0802,29,0.448,0.31,0.069,0.483,학;병;산
P0317,79,0.937,0.684,0.0,0.0,학;병
P0374,35,0.771,0.971,0.0,0.0,학;병
P1527,52,0.923,0.423,0.173,0.038,학;병
P1502,25,0.04,0.0,0.96,0.0,연
P1641,183,0.027,1.0,0.005,0.0,병
P0415,32,0.969,0.281,0.0,0.0,학;병
P0224,89,1.0,0.0,0.022,0.0,학
P0319,25,0.88,0.8,0.0,0.0,학;병
P0141,40,0.95,0.0,0.075,0.0,학
P0163,31,1.0,0.355,0.097,0.0,학;병
P0488,54,1.0,0.019,0.0,0.0,학
P0439,62,0.694,0.823,0.048,0.0,학;병
P0695,68,0.985,0.059,0.0,0.0,학
P1442,82,0.037,0.0,1.0,0.0,연
P0064,126,0.897,0.746,0.397,0.063,학;병;연
P0988,33,1.0,0.0,0.0,0.0,학
P0290,16,1.0,0.0,0.0,0.0,학
P0657,55,0.982,0.055,0.018,0.0,학
P1480,14,0.286,0.071,0.571,0.214,학;연;산
P0932,53,1.0,0.0,0.0,0.0,학
P1501,15,0.2,0.067,0.733,0.0,학;연
P0612,14,0.357,0.929,0.0,0.0,학;병
P0632,16,0.625,0.938,0.0,0.0,학;병
P1392,12,0.333,0.083,0.833,0.0,학;연
P0769,33,1.0,0.091,0.091,0.0,학
P0447,20,1.0,0.35,0.0,0.0,학;병
P1710,52,0.673,0.846,0.154,0.0,학;병
P0259,14,1.0,0.0,0.0,0.0,학
P0925,13,1.0,0.615,0.0,0.0,학;병
P0734,108,1.0,0.0,0.019,0.0,학
P0413,1,1.0,1.0,0.0,0.0,
P0992,39,0.949,0.0,0.051,0.0,학
P0533,58,0.931,0.879,0.034,0.0,학;병
P0649,108,0.954,0.037,0.037,0.019,학
P0839,3,1.0,0.0,0.0,0.0,학
P0137,436,0.991,0.005,0.021,0.002,학
P1625,482,0.031,0.994,0.025,0.006,병
P1706,15,0.067,0.0,0.933,0.0,연
P1093,112,0.205,0.0,0.857,0.0,학;연
P0600,18,0.833,0.778,0.0,0.0,학;병
P0977,129,1.0,0.0,0.008,0.0,학
P0824,184,0.984,0.0,0.033,0.005,학
P1715,30,0.0,0.067,1.0,0.0,연
P0489,50,0.96,0.0,0.04,0.0,학
P0077,35,0.971,0.029,0.0,0.0,학
P1010,122,1.0,0.0,0.0,0.0,학
P1001,40,0.95,0.075,0.0,0.0,학
P0745,48,1.0,0.0,0.0,0.0,학
P0776,42,0.857,0.0,0.167,0.0,학
P0635,66,0.576,0.742,0.03,0.0,학;병
P0516,15,0.6,1.0,0.0,0.0,학;병
P0760,89,0.27,0.753,0.079,0.0,학;병
P1326,66,0.894,0.015,0.121,0.03,학
P0884,33,0.697,0.0,0.303,0.0,학;연
P1370,38,0.605,0.079,0.711,0.079,학;연
P1369,38,0.947,0.0,0.316,0.0,학;연
P0112,66,0.061,0.0,0.985,0.0,연
P0688,32,1.0,0.0,0.0,0.0,학
P0443,78,0.987,0.038,0.026,0.0,학
P1613,37,0.432,0.054,0.676,0.0,학;연
P0975,41,1.0,0.0,0.098,0.0,학
P1725,28,0.0,0.0,1.0,0.0,연
P0464,31,0.968,0.065,0.0,0.0,학
P0598,1,1.0,1.0,0.0,0.0,
P0724,31,1.0,0.097,0.161,0.0,학
P1652,100,0.11,0.98,0.02,0.0,병
P1111,51,0.804,0.784,0.0,0.0,학;병
P1073,30,0.967,0.033,0.1,0.0,학
P0321,1,0.0,1.0,0.0,0.0,
P0487,32,0.906,0.031,0.0,0.062,학
P1053,69,1.0,0.0,0.014,0.0,학
P1689,43,0.14,0.093,0.512,0.279,연;산
P0454,37,0.459,0.865,0.054,0.0,학;병
P0983,87,0.667,0.0,0.414,0.0,학;연
P0580,71,0.324,0.887,0.0,0.0,학;병
P0641,12,0.583,0.917,0.0,0.0,학;병
P1246,80,0.675,0.013,0.838,0.05,학;연
P0599,24,0.917,0.958,0.0,0.0,학;병
P1096,29,1.0,0.0,0.0,0.0,학
P1324,41,0.707,0.024,0.439,0.098,학;연
P1368,29,0.138,0.724,0.276,0.0,병;연
P1318,51,0.882,0.098,0.157,0.0,학
P1719,48,0.792,0.083,0.292,0.0,학;연
P1389,20,0.0,0.05,1.0,0.05,연
P1284,42,0.286,0.0,0.929,0.0,학;연
P1249,30,0.733,0.433,0.3,0.067,학;병;연
P1114,227,0.101,0.982,0.053,0.004,병
P1631,200,0.945,0.685,0.025,0.0,학;병
P1080,95,0.663,0.874,0.0,0.011,학;병
P0198,45,0.933,0.067,0.067,0.0,학
P0356,29,0.793,0.793,0.0,0.0,학;병
P0442,27,0.778,0.704,0.0,0.0,학;병
P0526,101,0.752,0.931,0.01,0.0,학;병
P1654,215,0.126,1.0,0.023,0.005,병
P1382,29,0.552,0.034,0.655,0.0,학;연
P0588,45,0.8,0.889,0.022,0.0,학;병
P1112,25,0.92,0.92,0.0,0.0,학;병
P1728,24,0.042,0.0,0.958,0.0,연
P0148,33,1.0,0.03,0.0,0.0,학
P0683,43,1.0,0.0,0.023,0.0,학
P1481,37,0.595,0.622,0.243,0.0,학;병;연
P0244,19,1.0,0.053,0.0,0.0,학
P1443,55,0.218,0.709,0.273,0.0,학;병;연
P1599,47,0.106,0.0,1.0,0.0,연
P1356,48,0.833,0.125,0.104,0.062,학
P0162,82,0.866,0.122,0.134,0.0,학
P0139,24,1.0,0.0,0.0,0.0,학
P1234,141,0.894,0.631,0.071,0.007,학;병
P0714,24,1.0,0.0,0.0,0.0,학
P1723,16,0.125,0.062,1.0,0.0,연
P0751,44,1.0,0.045,0.0,0.0,학
P0926,42,1.0,0.286,0.0,0.0,학;병
P0071,28,1.0,0.0,0.036,0.0,학
P0477,69,0.913,0.29,0.116,0.014,학;병
P0216,76,0.947,0.066,0.026,0.026,학
P0175,30,1.0,0.0,0.0,0.0,학
P0399,94,0.989,0.011,0.0,0.0,학
P0465,37,1.0,0.0,0.0,0.0,학
P1028,28,1.0,0.0,0.0,0.0,학
P0180,60,1.0,0.0,0.0,0.0,학
P1156,64,0.469,0.016,0.969,0.0,학;연
P1035,17,0.529,0.0,0.588,0.0,학;연
P1152,58,0.759,0.0,0.983,0.0,학;연
P1435,85,0.624,0.012,0.976,0.0,학;연
P0686,49,1.0,0.0,0.0,0.0,학
P1042,21,0.952,0.143,0.0,0.0,학
P0273,3,0.333,1.0,0.0,0.0,병
P0185,87,1.0,0.0,0.0,0.0,학
P1060,56,0.929,0.5,0.071,0.0,학;병
P1312,35,0.857,0.429,0.171,0.0,학;병
P0251,47,0.957,0.0,0.0,0.043,학
P0501,17,0.588,0.0,0.941,0.0,학;연
P1396,17,0.118,0.0,0.941,0.0,연
P0280,36,1.0,0.0,0.0,0.0,학
P0277,64,1.0,0.047,0.016,0.0,학
P1619,23,0.304,0.0,0.87,0.0,학;연
P0344,11,1.0,0.818,0.0,0.0,학;병
P1135,125,0.552,0.016,0.816,0.008,학;연
P0530,5,1.0,0.0,0.0,0.0,학
P1330,72,1.0,0.0,0.139,0.0,학
P1041,15,1.0,0.0,0.0,0.0,학
P1059,19,1.0,0.0,0.0,0.0,학
P0149,191,1.0,0.0,0.0,0.0,학
P0836,34,0.941,0.0,1.0,0.0,학;연
P1440,92,0.913,0.217,0.087,0.0,학;병
P1721,25,0.6,0.56,0.84,0.0,학;병;연
P0529,12,1.0,0.0,0.0,0.0,학
P0242,86,0.965,0.0,0.209,0.0,학;연
P0195,36,0.944,0.056,0.194,0.0,학
P0350,37,0.946,0.541,0.0,0.0,학;병
P1462,59,0.932,0.0,0.119,0.0,학
P0408,167,0.647,0.521,0.054,0.18,학;병
P0719,197,1.0,0.0,0.005,0.0,학
P1043,20,0.4,0.8,0.0,0.0,학;병
P1110,41,0.854,0.0,0.268,0.0,학;연
P1484,19,0.368,0.316,0.684,0.0,학;병;연
P0237,3,1.0,0.0,0.0,0.0,학
P1105,4,1.0,0.0,0.0,0.0,학
P0123,72,0.931,0.958,0.569,0.0,학;병;연
P1186,137,0.971,0.036,0.051,0.0,학
P1702,16,0.0,0.0,1.0,0.0,연
P0831,33,1.0,0.0,0.0,0.0,학
P1027,41,0.927,0.244,0.024,0.049,학;병
P1115,238,0.546,0.055,0.546,0.004,학;연
P0654,39,1.0,0.026,0.0,0.0,학
P0067,80,1.0,0.013,0.0,0.0,학
P0883,25,0.76,0.0,0.52,0.0,학;연
P1067,70,1.0,0.0,0.0,0.0,학
P1261,49,0.531,0.0,0.98,0.0,학;연
P1705,27,0.778,0.556,0.148,0.0,학;병
P0591,45,0.933,0.889,0.0,0.0,학;병
P0786,38,1.0,0.0,0.0,0.0,학
P0200,94,0.957,0.479,0.021,0.0,학;병
P0481,79,0.987,0.114,0.0,0.0,학
P1077,14,0.643,0.0,0.786,0.0,학;연
P0463,44,0.977,0.023,0.023,0.023,학
P1454,38,0.105,0.079,0.895,0.0,연
P0403,81,0.802,0.926,0.049,0.012,학;병
P1076,11,0.909,0.818,0.0,0.0,학;병
P1432,67,0.015,0.0,1.0,0.0,연
P0086,61,0.984,0.016,0.016,0.0,학
P0842,18,1.0,0.0,0.0,0.0,학
P1731,21,0.048,0.048,1.0,0.0,연
P0702,30,1.0,0.0,0.0,0.0,학
P1420,86,0.965,0.5,0.047,0.0,학;병
P1451,40,0.325,0.15,0.625,0.0,학;연
P1436,48,0.833,0.521,0.104,0.042,학;병
P0959,75,0.96,0.08,0.027,0.027,학
P1107,6,0.5,0.0,0.5,0.0,학;연
P0156,30,0.8,0.333,0.567,0.0,학;병;연
P1250,17,0.824,0.0,0.471,0.0,학;연
P1417,79,0.949,0.785,0.038,0.013,학;병
P0645,65,1.0,0.0,0.0,0.0,학
P1057,13,0.846,0.0,0.154,0.0,학
P0296,1,1.0,0.0,0.0,0.0,
P1239,35,0.8,0.143,0.229,0.0,학;연
P0557,35,0.971,0.0,0.371,0.0,학;연
P1168,61,0.77,0.066,0.41,0.016,학;연
P0176,58,1.0,0.0,0.0,0.0,학
P0706,28,0.964,0.179,0.0,0.0,학
P0035,30,1.0,0.0,0.0,0.0,학
P1227,65,0.938,0.046,0.246,0.0,학;연
P1550,30,0.1,0.0,1.0,0.0,연
P1612,60,0.933,0.0,0.117,0.0,학
P1458,105,0.895,0.048,0.086,0.0,학
P0843,33,1.0,0.0,0.0,0.0,학
P0978,88,0.966,0.011,0.023,0.0,학
P1531,62,0.968,0.0,0.032,0.0,학
P0404,17,0.941,0.176,0.059,0.0,학
P0331,32,0.812,0.75,0.0,0.094,학;병
P1383,34,0.5,0.0,0.588,0.0,학;연
P0847,8,1.0,0.0,0.0,0.0,학
P0982,40,1.0,0.0,0.0,0.0,학
P1047,6,1.0,0.0,0.0,0.0,학
P1755,29,0.172,0.0,1.0,0.0,연
P1754,31,0.032,0.0,1.0,0.0,연
P0378,44,0.705,0.727,0.0,0.0,학;병
P0159,9,1.0,0.0,0.0,0.0,학
P0455,18,0.722,0.611,0.0,0.0,학;병
P0391,6,0.833,0.5,0.0,0.0,학;병
P0335,3,1.0,1.0,0.0,0.0,학;병
P0583,1,1.0,0.0,0.0,0.0,
P1509,50,0.58,0.42,0.4,0.04,학;병;연
P0080,1,1.0,1.0,0.0,0.0,
P0287,21,1.0,0.0,0.0,0.0,학
P0398,90,0.789,0.922,0.0,0.0,학;병
P1584,88,0.523,0.057,0.557,0.023,학;연
P0275,28,1.0,0.0,0.0,0.0,학
P0495,41,0.976,0.024,0.0,0.0,학
P0085,15,1.0,0.6,0.0,0.0,학;병
P0239,42,1.0,0.0,0.0,0.0,학
P0132,37,1.0,0.0,0.0,0.0,학
P0274,28,1.0,0.0,0.0,0.0,학
P1348,22,0.773,0.0,0.636,0.0,학;연
P0970,39,1.0,0.0,0.0,0.0,학
P0158,10,0.9,0.7,0.1,0.0,학;병
P0297,145,0.848,0.131,0.055,0.0,학
P1327,69,0.913,0.0,0.348,0.0,학;연
P1285,30,0.933,0.133,0.167,0.0,학
P0791,21,1.0,0.0,0.0,0.0,학
P0497,26,1.0,0.0,0.0,0.0,학
P0555,11,1.0,0.0,0.0,0.0,학
P1159,51,0.882,0.118,0.216,0.0,학;연
P0896,4,1.0,1.0,0.0,0.0,학;병
P1749,42,0.357,0.738,0.167,0.0,학;병
P1121,57,0.719,0.316,0.421,0.0,학;병;연
P0352,53,0.962,0.962,0.0,0.0,학;병
P0853,30,0.967,0.0,0.733,0.0,학;연
P0611,6,0.667,1.0,0.0,0.0,학;병
P0084,55,1.0,0.164,0.018,0.0,학
P0989,38,0.947,0.158,0.053,0.0,학
P1271,57,0.649,0.0,0.702,0.0,학;연
P1592,62,0.548,0.0,0.935,0.0,학;연
P1606,38,0.026,0.0,0.974,0.0,연
P0537,23,1.0,0.0,0.0,0.0,학
P0549,30,1.0,0.0,0.0,0.0,학
P1310,72,0.778,0.764,0.042,0.0,학;병
P1733,22,0.636,0.0,0.091,0.364,학;산
P0795,34,1.0,0.0,0.0,0.0,학
P1556,21,0.381,0.0,0.81,0.0,학;연
P0491,28,1.0,0.0,0.0,0.0,학
P1097,41,0.902,0.0,0.122,0.0,학
P1134,37,0.757,0.027,0.432,0.0,학;연
P1513,48,0.792,0.104,0.229,0.0,학;연
P1084,29,1.0,0.0,0.103,0.0,학
P1204,70,0.371,0.114,0.843,0.0,학;연
P0552,172,1.0,0.006,0.035,0.006,학
P1456,33,0.152,0.0,1.0,0.0,연
P0637,5,0.6,1.0,0.0,0.0,학;병
P0579,13,1.0,0.923,0.0,0.0,학;병
P0133,105,1.0,0.0,0.019,0.0,학
P1072,55,1.0,0.0,0.018,0.0,학
P0217,1,1.0,0.0,0.0,0.0,
P1472,17,0.059,0.0,0.941,0.0,연
P0052,47,0.936,0.383,0.0,0.0,학;병
P0235,79,1.0,0.0,0.076,0.0,학
P1017,54,0.963,0.019,0.352,0.0,학;연
P1666,137,0.591,0.701,0.0,0.0,학;병
P1126,63,0.778,0.0,1.0,0.0,학;연
P0184,46,1.0,0.0,0.0,0.0,학
P1040,2,1.0,0.0,0.0,0.0,학
P0521,49,0.959,0.0,0.041,0.0,학
P1036,27,1.0,0.0,0.0,0.0,학
P1732,22,0.091,0.045,1.0,0.0,연
P1713,23,0.348,0.217,0.609,0.0,학;병;연
P1023,31,1.0,0.0,0.258,0.0,학;연
P0658,9,0.778,0.0,0.222,0.0,학;연
P0534,39,0.949,0.949,0.0,0.0,학;병
P1579,78,0.462,0.026,0.551,0.0,학;연
P0128,1,1.0,0.0,0.0,0.0,
P1569,45,0.111,0.0,0.911,0.0,연
P1517,31,0.968,0.161,0.161,0.0,학
P0806,15,1.0,0.0,0.0,0.0,학
P0252,49,1.0,0.0,0.0,0.0,학
P0788,21,1.0,0.0,0.0,0.0,학
P1544,25,0.24,0.0,0.92,0.0,학;연
P1255,16,0.0,0.0,1.0,0.0,연
P0792,17,1.0,0.0,0.176,0.0,학
P0837,47,1.0,0.0,0.0,0.0,학
P0292,34,1.0,0.0,0.0,0.0,학
P1288,31,0.677,0.0,0.581,0.0,학;연
P0518,26,0.962,0.077,0.038,0.0,학
P0138,27,1.0,0.0,0.0,0.0,학
P0519,22,1.0,0.091,0.0,0.0,학
P0505,37,1.0,0.081,0.0,0.0,학
P1455,26,0.192,0.269,0.692,0.038,병;연
P0656,28,1.0,0.0,0.107,0.0,학
P0520,3,1.0,0.0,0.0,0.0,학
P0778,75,0.987,0.0,0.027,0.0,학
P0551,30,0.9,0.567,0.067,0.0,학;병
P0425,1,1.0,1.0,0.0,0.0,
P0538,27,1.0,0.0,0.074,0.0,학
P1081,32,1.0,0.0,0.0,0.0,학
P0196,35,1.0,0.0,0.0,0.0,학
P0877,68,1.0,0.029,0.029,0.0,학
P0504,13,0.692,0.231,0.231,0.0,학;병;연
P0796,25,0.8,0.0,0.2,0.0,학;연
P0272,45,1.0,0.0,0.0,0.0,학
P0577,9,1.0,0.889,0.0,0.0,학;병
P0539,2,1.0,0.0,0.0,0.0,학
P0859,8,1.0,0.0,0.0,0.0,학
P1741,13,0.231,0.154,0.692,0.0,학;연
P1066,1,1.0,0.0,0.0,0.0,
P1259,82,0.927,0.11,0.061,0.0,학
P0561,6,1.0,0.0,0.0,0.0,학
P0629,17,0.765,0.882,0.0,0.0,학;병
P0937,50,1.0,0.0,0.0,0.0,학
P0763,12,0.917,0.083,0.083,0.0,학
P1087,44,0.955,0.0,0.068,0.0,학
P1109,5,1.0,0.0,0.0,0.0,학
P0268,32,1.0,0.031,0.156,0.0,학
P0471,32,1.0,0.062,0.0,0.0,학
P1431,39,0.897,0.692,0.282,0.0,학;병;연
P0473,49,0.918,0.857,0.122,0.0,학;병
P0747,34,1.0,0.0,0.0,0.0,학
P0312,85,0.965,0.0,0.047,0.0,학
P1051,15,0.467,0.067,0.533,0.0,학;연
P1347,33,0.879,0.0,1.0,0.0,학;연
P0570,4,1.0,0.25,0.0,0.0,학
P1037,15,1.0,0.0,0.0,0.0,학
P0980,37,1.0,0.027,0.0,0.0,학
P1267,4,0.25,0.0,0.75,0.0,연
P0659,33,0.939,0.303,0.121,0.0,학;병
P0556,34,0.647,0.0,0.353,0.0,학;연
P1523,42,0.405,0.095,0.524,0.071,학;연
P0127,49,1.0,0.0,0.0,0.0,학
P0478,5,1.0,0.8,0.0,0.0,학;병
P0311,100,1.0,0.0,0.01,0.0,학
P0480,12,0.917,0.083,0.083,0.0,학
P0373,13,0.846,0.846,0.0,0.0,학;병
P0087,20,0.95,0.0,0.2,0.0,학;연
P0269,41,1.0,0.024,0.0,0.0,학
P1101,35,0.971,0.0,0.029,0.0,학
P0383,30,0.933,0.933,0.0,0.0,학;병
P0143,27,0.407,0.074,0.519,0.0,학;연
P1546,47,0.83,0.085,0.149,0.0,학
P0258,33,1.0,0.0,0.0,0.0,학
P1074,32,1.0,0.0,0.25,0.0,학;연
P0309,67,1.0,0.0,0.015,0.0,학
P0048,4,1.0,0.25,0.0,0.0,학
P0129,30,1.0,0.0,0.0,0.0,학
P0640,18,0.167,0.944,0.0,0.0,병
P1075,7,0.714,0.0,0.286,0.0,학;연
P0191,1,1.0,0.0,0.0,0.0,
P0680,54,0.981,0.037,0.019,0.0,학
P0912,41,0.927,0.073,0.268,0.0,학;연
P0660,1,1.0,0.0,0.0,0.0,
P0058,46,1.0,0.174,0.0,0.0,학
P0483,38,1.0,0.053,0.0,0.0,학
P0979,16,1.0,0.0,0.0,0.0,학
P0307,33,1.0,0.0,0.0,0.0,학
P0164,31,1.0,0.0,0.0,0.0,학
P0613,4,0.75,1.0,0.0,0.0,학;병
P0318,9,1.0,0.889,0.0,0.0,학;병
P0515,12,0.917,0.583,0.0,0.0,학;병
P0054,8,1.0,0.25,0.125,0.0,학;병
P0940,33,0.97,0.061,0.0,0.0,학
P0517,18,0.611,0.167,0.444,0.0,학;연
P0604,88,0.443,0.943,0.0,0.0,학;병
P0717,41,1.0,0.0,0.049,0.0,학
P1381,38,0.632,0.132,0.447,0.0,학;연
P1090,21,0.905,0.0,0.0,0.095,학
P0452,32,0.75,0.906,0.0,0.0,학;병
P0323,13,0.846,0.923,0.0,0.0,학;병
P0432,22,0.818,1.0,0.0,0.0,학;병
P1541,13,0.154,0.077,0.923,0.0,연
P0124,1,1.0,0.0,0.0,0.0,
P0227,63,0.968,0.0,0.095,0.0,학
P1303,128,0.906,0.0,0.938,0.0,학;연
P1139,51,0.392,0.235,0.686,0.0,학;병;연
P0121,18,0.778,0.0,0.389,0.0,학;연
P0523,14,0.929,0.429,0.0,0.0,학;병
P0263,20,0.95,0.05,0.0,0.0,학
P0168,5,1.0,0.0,0.0,0.0,학
P0634,7,0.857,1.0,0.0,0.0,학;병
P0305,2,1.0,0.0,0.0,0.0,학
P0592,17,0.647,1.0,0.0,0.0,학;병
P0647,15,0.867,0.667,0.067,0.0,학;병
P0256,33,1.0,0.061,0.0,0.0,학
P0395,2,0.5,1.0,0.0,0.0,병
P0267,83,1.0,0.0,0.446,0.0,학;연
P1012,11,1.0,0.182,0.909,0.0,학;연
P0513,9,1.0,1.0,0.0,0.0,학;병
P0338,35,1.0,0.114,0.0,0.0,학
P0967,2,1.0,0.0,0.0,0.0,학
P0662,25,1.0,0.0,0.0,0.0,학
P0899,2,1.0,0.0,0.0,0.0,학
P1148,19,0.579,0.0,0.474,0.105,학;연
P0370,27,1.0,0.0,0.0,0.0,학
P0130,6,0.833,1.0,0.0,0.0,학;병
P0835,2,1.0,0.0,0.0,0.0,학
P1103,23,0.739,0.0,0.261,0.0,학;연
P0401,26,0.846,0.808,0.115,0.038,학;병
P0190,1,1.0,0.0,0.0,0.0,
P0298,11,1.0,0.0,0.0,0.0,학
P0750,10,1.0,0.0,0.0,0.0,학
P0265,56,0.839,0.125,0.018,0.107,학
P1099,40,1.0,0.0,0.025,0.0,학
P1295,147,0.884,0.048,0.095,0.027,학
P1029,39,0.615,0.59,0.0,0.0,학;병
P1140,74,0.932,0.041,0.068,0.027,학
P0664,40,0.7,0.0,0.25,0.05,학;연
P1054,22,1.0,0.091,0.0,0.0,학
P0522,22,0.318,1.0,0.0,0.0,학;병
P1046,56,0.411,0.875,0.054,0.0,학;병
P0895,46,0.804,0.0,0.261,0.0,학;연
P0088,8,0.625,0.25,0.125,0.0,학;병
P0741,12,0.833,0.333,0.0,0.0,학;병
P0506,34,1.0,0.0,0.0,0.0,학
P0161,28,1.0,0.036,0.0,0.0,학
P0930,1,1.0,0.0,0.0,0.0,
P0214,79,0.975,0.152,0.013,0.013,학
P1100,16,1.0,0.0,0.0,0.0,학
P0531,30,0.767,0.5,0.0,0.133,학;병
P0909,8,0.875,0.25,0.25,0.0,학;병;연
P1252,60,0.9,0.0,0.083,0.017,학
P0371,18,0.889,0.722,0.0,0.0,학;병
P0566,1,1.0,0.0,0.0,0.0,
P0417,14,0.714,0.714,0.0,0.0,학;병
P1675,27,0.593,0.407,0.148,0.0,학;병
P0203,2,0.5,0.5,0.0,0.0,
P0145,14,1.0,0.286,0.0,0.0,학;병
P1300,83,1.0,0.012,0.301,0.0,학;연
P0541,5,1.0,0.0,0.0,0.0,학
P0987,6,0.833,0.0,0.0,0.167,학
P0116,1,0.0,1.0,0.0,0.0,
P0110,3,1.0,0.0,0.0,0.0,학
P1068,1,1.0,1.0,0.0,0.0,
P1070,6,1.0,0.0,0.0,0.0,학
P0362,1,0.0,1.0,0.0,0.0,
P0851,1,1.0,0.0,0.0,0.0,
P0768,1,1.0,0.0,0.0,0.0,
P0170,5,1.0,0.0,0.0,0.0,학
P0781,1,1.0,0.0,0.0,0.0,
P0160,1,1.0,0.0,0.0,0.0,
P0120,1,1.0,0.0,0.0,0.0,
P1106,1,1.0,0.0,0.0,0.0,
P0261,1,1.0,0.0,0.0,0.0,
P0320,2,1.0,0.0,0.0,0.0,학
P0490,3,1.0,0.0,0.0,0.0,학
P0460,1,1.0,0.0,1.0,0.0,
P0308,2,1.0,0.0,0.0,0.0,학
P0271,2,1.0,0.0,0.0,0.0,학
P0047,4,1.0,0.0,0.25,0.0,학
P0264,1,1.0,0.0,0.0,0.0,
P0293,3,1.0,0.0,0.0,0.0,학
P0300,1,1.0,0.0,0.0,0.0,
P0507,1,0.0,1.0,0.0,0.0,
P0825,1,1.0,0.0,0.0,0.0,
P0545,1,1.0,0.0,0.0,0.0,
P0472,1,1.0,0.0,0.0,0.0,
P1016,1,1.0,0.0,0.0,0.0,
