relationship_id,professor_a_id,professor_b_id,relationship_type,collaboration_paper_count,evidence_url,verified,notes
LIN000001,P0212,P0207,postdoc_mentor,20,https://doi.org/10.1021/ol103104y,auto,inferred from 20 first-author papers (2011-2016) with A as last author
LIN000002,P0007,P1460,advisor_student,15,https://doi.org/10.1089/ten.2005.11.438,auto,inferred from 15 first-author papers (2005-2009) with A as last author
LIN000003,P0007,P1301,advisor_student,14,https://doi.org/10.1016/j.biomaterials.2003.09.068,auto,inferred from 14 first-author papers (2003-2008) with A as last author
LIN000004,P0013,P0020,advisor_student,14,https://doi.org/10.1182/blood.v120.21.5042.5042,auto,inferred from 14 first-author papers (2012-2015) with A as last author
LIN000005,P0587,P0636,postdoc_mentor,12,https://doi.org/10.21053/ceo.2021.00073,auto,inferred from 12 first-author papers (2021-2026) with A as last author
LIN000006,P0097,P0972,advisor_student,11,https://doi.org/10.1007/s12272-012-0912-2,auto,inferred from 11 first-author papers (2012-2017) with A as last author
LIN000007,P0746,P1019,advisor_student,11,https://doi.org/10.1038/nmat1251,auto,inferred from 11 first-author papers (2004-2007) with A as last author
LIN000008,P0194,P0181,advisor_student,10,https://doi.org/10.1007/s12374-016-0552-z,auto,inferred from 10 first-author papers (2017-2022) with A as last author
LIN000009,P1754,P1755,advisor_student,10,https://doi.org/10.1038/srep36750,auto,inferred from 10 first-author papers (2016-2021) with A as last author
LIN000010,P1516,P1524,postdoc_mentor,9,https://doi.org/10.1371/journal.pone.0154233,auto,inferred from 9 first-author papers (2016-2021) with A as last author
LIN000011,P1402,P1427,postdoc_mentor,9,https://doi.org/10.1155/2012/673132,auto,inferred from 9 first-author papers (2012-2017) with A as last author
LIN000012,P1253,P1256,postdoc_mentor,8,https://doi.org/10.1124/jpet.108.143719,auto,inferred from 8 first-author papers (2008-2013) with A as last author
LIN000013,P1636,P1711,postdoc_mentor,8,https://doi.org/10.1371/journal.pone.0075604,auto,inferred from 8 first-author papers (2013-2015) with A as last author
LIN000014,P0038,P0716,advisor_student,8,https://doi.org/10.1021/ja110349a,auto,inferred from 8 first-author papers (2011-2015) with A as last author
LIN000015,P0691,P0035,advisor_student,8,https://doi.org/10.1002/anie.201102634,auto,inferred from 8 first-author papers (2011-2015) with A as last author
LIN000016,P1628,P1683,advisor_student,8,https://doi.org/10.3748/wjg.15.5106,auto,inferred from 8 first-author papers (2009-2011) with A as last author
LIN000017,P1354,P1335,advisor_student,8,https://doi.org/10.1016/s1016-8478(23)13734-4,auto,inferred from 8 first-author papers (2003-2008) with A as last author
LIN000018,P1611,P1568,advisor_student,8,,auto,inferred from 8 first-author papers (2011-2012) with A as last author
LIN000019,P0212,P0207,advisor_student,8,https://doi.org/10.1002/anie.200903479,auto,inferred from 8 first-author papers (2009-2010) with A as last author
LIN000020,P0379,P0416,advisor_student,8,,auto,inferred from 8 first-author papers (2014-2019) with A as last author
LIN000021,P1686,P1719,postdoc_mentor,8,https://doi.org/10.1186/s12905-022-01947-z,auto,inferred from 8 first-author papers (2022-2025) with A as last author
LIN000022,P1177,P1199,postdoc_mentor,7,https://doi.org/10.1016/j.jff.2015.06.036,auto,inferred from 7 first-author papers (2015-2019) with A as last author
LIN000023,P0791,P1015,advisor_student,7,https://doi.org/10.1111/j.1460-9568.2009.07004.x,auto,inferred from 7 first-author papers (2009-2013) with A as last author
LIN000024,P0968,P1503,advisor_student,7,https://doi.org/10.3892/ijo.2016.3365,auto,inferred from 7 first-author papers (2016-2020) with A as last author
LIN000025,P1143,P0238,postdoc_mentor,7,https://doi.org/10.1016/j.foodchem.2020.128092,auto,inferred from 7 first-author papers (2020-2024) with A as last author
LIN000026,P1512,P1564,advisor_student,7,https://doi.org/10.4014/jmb.1904.04062,auto,inferred from 7 first-author papers (2019-2024) with A as last author
LIN000027,P1567,P1583,postdoc_mentor,7,https://doi.org/10.1002/ptr.4687,auto,inferred from 7 first-author papers (2012-2014) with A as last author
LIN000028,P1567,P1604,advisor_student,7,,auto,inferred from 7 first-author papers (2004-2009) with A as last author
LIN000029,P0700,P0295,advisor_student,6,https://doi.org/10.1021/jo401974g,auto,inferred from 6 first-author papers (2013-2016) with A as last author
LIN000030,P1506,P1442,advisor_student,6,https://doi.org/10.1016/j.toxlet.2010.09.020,auto,inferred from 6 first-author papers (2010-2013) with A as last author
LIN000031,P1296,P0096,advisor_student,5,https://doi.org/10.1016/j.neures.2017.11.012,auto,inferred from 5 first-author papers (2017-2021) with A as last author
LIN000032,P1506,P1539,advisor_student,5,https://doi.org/10.1021/jf102194t,auto,inferred from 5 first-author papers (2010-2015) with A as last author
LIN000033,P0774,P1024,advisor_student,5,https://doi.org/10.1016/j.bpj.2011.11.3649,auto,inferred from 5 first-author papers (2012-2016) with A as last author
LIN000034,P0718,P1321,advisor_student,5,https://doi.org/10.1038/nnano.2014.38,auto,inferred from 5 first-author papers (2014-2016) with A as last author
LIN000035,P1516,P1547,advisor_student,5,https://doi.org/10.1371/journal.pone.0090812,auto,inferred from 5 first-author papers (2014-2018) with A as last author
LIN000036,P1577,P1590,postdoc_mentor,5,https://doi.org/10.5142/jgr.2013.37.349,auto,inferred from 5 first-author papers (2013-2014) with A as last author
LIN000037,P0281,P1091,postdoc_mentor,5,https://doi.org/10.5851/kosfa.2020.e96,auto,inferred from 5 first-author papers (2020-2023) with A as last author
LIN000038,P1688,P1720,advisor_student,5,https://doi.org/10.1097/01.tp.0000699376.14051.df,auto,inferred from 5 first-author papers (2020-2025) with A as last author
LIN000039,P1397,P1432,advisor_student,5,https://doi.org/10.1007/s00296-012-2367-7,auto,inferred from 5 first-author papers (2012-2016) with A as last author
LIN000040,P1301,P1340,advisor_student,5,https://doi.org/10.1007/s12257-012-0047-9,auto,inferred from 5 first-author papers (2012-2015) with A as last author
LIN000041,P1529,P1556,postdoc_mentor,5,https://doi.org/10.3390/ijms25010662,auto,inferred from 5 first-author papers (2024-2025) with A as last author
LIN000042,P1228,P1226,advisor_student,4,https://doi.org/10.1002/prot.21224,auto,inferred from 4 first-author papers (2006-2009) with A as last author
LIN000043,P0751,P1315,advisor_student,4,https://doi.org/10.1242/dev.01922,auto,inferred from 4 first-author papers (2005-2009) with A as last author
LIN000044,P1177,P0055,postdoc_mentor,4,https://doi.org/10.5012/bkcs.2010.31.9.2665,auto,inferred from 4 first-author papers (2010-2011) with A as last author
LIN000045,P0007,P0246,advisor_student,4,https://doi.org/10.7841/ksbbj.2012.27.5.273,auto,inferred from 4 first-author papers (2012-2017) with A as last author
LIN000046,P1397,P1442,postdoc_mentor,4,https://doi.org/10.1007/s11655-014-1989-x,auto,inferred from 4 first-author papers (2014-2018) with A as last author
LIN000047,P1488,P1498,advisor_student,4,https://doi.org/10.1016/j.taap.2021.115696,auto,inferred from 4 first-author papers (2021-2024) with A as last author
LIN000048,P0440,P0376,advisor_student,4,,auto,inferred from 4 first-author papers (2006-2011) with A as last author
LIN000049,P0550,P0558,advisor_student,4,https://doi.org/10.5187/jast.2023.e116,auto,inferred from 4 first-author papers (2023-2024) with A as last author
LIN000050,P1008,P1270,postdoc_mentor,4,https://doi.org/10.4049/jimmunol.210.supp.62.04,auto,inferred from 4 first-author papers (2023-2025) with A as last author
LIN000051,P1184,P1215,advisor_student,4,https://doi.org/10.1007/978-1-61779-151-2_36,auto,inferred from 4 first-author papers (2011-2013) with A as last author
LIN000052,P0560,P1621,postdoc_mentor,4,https://doi.org/10.5487/tr.2015.31.2.105,auto,inferred from 4 first-author papers (2015-2018) with A as last author
LIN000053,P0205,P1054,postdoc_mentor,4,https://doi.org/10.1017/s0266462317000150,auto,inferred from 4 first-author papers (2017-2021) with A as last author
LIN000054,P1246,P1284,postdoc_mentor,4,https://doi.org/10.3390/molecules23092377,auto,inferred from 4 first-author papers (2018-2020) with A as last author
LIN000055,P0185,P0184,advisor_student,4,https://doi.org/10.1021/jf903939y,auto,inferred from 4 first-author papers (2010-2011) with A as last author
LIN000056,P1156,P0501,advisor_student,4,https://doi.org/10.1109/iww-bci.2018.8311510,auto,inferred from 4 first-author papers (2018-2021) with A as last author
LIN000057,P1022,P1348,postdoc_mentor,4,,auto,inferred from 4 first-author papers (2020-2021) with A as last author
LIN000058,P0791,P1360,advisor_student,3,https://doi.org/10.1073/pnas.0710548105,auto,inferred from 3 first-author papers (2007-2007) with A as last author
LIN000059,P1695,P1702,advisor_student,3,https://doi.org/10.1016/j.ygeno.2014.09.001,auto,inferred from 3 first-author papers (2014-2014) with A as last author
LIN000060,P0021,P1158,postdoc_mentor,3,https://doi.org/10.1002/mabi.200800187,auto,inferred from 3 first-author papers (2008-2010) with A as last author
LIN000061,P1636,P1711,advisor_student,3,,auto,inferred from 3 first-author papers (2011-2012) with A as last author
LIN000062,P1639,P0609,advisor_student,3,,auto,inferred from 3 first-author papers (2005-2005) with A as last author
LIN000063,P1692,P1520,advisor_student,3,https://doi.org/10.1016/j.bmcl.2015.08.061,auto,inferred from 3 first-author papers (2015-2018) with A as last author
LIN000064,P0691,P0091,advisor_student,3,https://doi.org/10.1002/anie.202210317,auto,inferred from 3 first-author papers (2022-2023) with A as last author
LIN000065,P1225,P1413,advisor_student,3,https://doi.org/10.1016/j.intimp.2009.01.005,auto,inferred from 3 first-author papers (2009-2009) with A as last author
LIN000066,P0095,P0963,postdoc_mentor,3,https://doi.org/10.21203/rs.3.rs-1092054/v1,auto,inferred from 3 first-author papers (2021-2024) with A as last author
LIN000067,P1643,P1683,postdoc_mentor,3,,auto,inferred from 3 first-author papers (2013-2017) with A as last author
LIN000068,P0602,P0642,advisor_student,3,https://doi.org/10.3340/jkns.2018.0045,auto,inferred from 3 first-author papers (2018-2023) with A as last author
LIN000069,P1516,P1524,advisor_student,3,https://doi.org/10.1093/jac/dku008,auto,inferred from 3 first-author papers (2014-2014) with A as last author
LIN000070,P0590,P0644,advisor_student,3,https://doi.org/10.5021/ad.2018.30.3.382,auto,inferred from 3 first-author papers (2018-2022) with A as last author
LIN000071,P1309,P1558,postdoc_mentor,3,https://doi.org/10.1002/mrm.27457,auto,inferred from 3 first-author papers (2018-2022) with A as last author
LIN000072,P1404,P1421,postdoc_mentor,3,https://doi.org/10.1093/ecam/nep240,auto,inferred from 3 first-author papers (2010-2012) with A as last author
LIN000073,P0532,P0535,advisor_student,3,https://doi.org/10.5853/kjs.2012.14.1.12,auto,inferred from 3 first-author papers (2012-2016) with A as last author
LIN000074,P0597,P0620,advisor_student,3,https://doi.org/10.3904/kjim.2017.050,auto,inferred from 3 first-author papers (2017-2020) with A as last author
LIN000075,P1607,P1580,postdoc_mentor,3,https://doi.org/10.1016/j.foodchem.2011.07.081,auto,inferred from 3 first-author papers (2011-2013) with A as last author
LIN000076,P1400,P1401,advisor_student,3,https://doi.org/10.4103/0973-1296.160471,auto,inferred from 3 first-author papers (2015-2015) with A as last author
LIN000077,P1402,P1453,postdoc_mentor,3,https://doi.org/10.3389/fphar.2016.00460,auto,inferred from 3 first-author papers (2016-2017) with A as last author
LIN000078,P1010,P1286,advisor_student,3,,auto,inferred from 3 first-author papers (2013-2018) with A as last author
LIN000079,P0542,P0547,advisor_student,3,,auto,inferred from 3 first-author papers (2011-2014) with A as last author
LIN000080,P1373,P1390,postdoc_mentor,3,https://doi.org/10.1111/acel.14137,auto,inferred from 3 first-author papers (2024-2026) with A as last author
LIN000081,P1354,P1059,advisor_student,3,https://doi.org/10.1074/jbc.m704180200,auto,inferred from 3 first-author papers (2007-2009) with A as last author
LIN000082,P1606,P1592,advisor_student,3,,auto,inferred from 3 first-author papers (2016-2017) with A as last author
